
<row><valor>"RICARDOARNULFO"</valor>
<tipo>1</tipo>
<orden>1</orden>

</row>
<row><valor>"ENCARNACION"</valor>
<tipo>1</tipo>
<orden>2</orden>

</row>
<row><valor>"MIGUELEDMUNDO"</valor>
<tipo>1</tipo>
<orden>3</orden>

</row>
<row><valor>"OTTOFRANCISCO"</valor>
<tipo>1</tipo>
<orden>4</orden>

</row>
<row><valor>"AUGUSTOADOLFO"</valor>
<tipo>1</tipo>
<orden>5</orden>

</row>
<row><valor>"WELLINGTONJAVIER"</valor>
<tipo>1</tipo>
<orden>6</orden>

</row>
<row><valor>"KARENIVONNE"</valor>
<tipo>1</tipo>
<orden>7</orden>

</row>
<row><valor>"SERGIOESTUARDO"</valor>
<tipo>1</tipo>
<orden>8</orden>

</row>
<row><valor>"INGRIDESTELA"</valor>
<tipo>1</tipo>
<orden>9</orden>

</row>
<row><valor>"INGRIDCAROLINA"</valor>
<tipo>1</tipo>
<orden>10</orden>

</row>
<row><valor>"ADELINO"</valor>
<tipo>1</tipo>
<orden>11</orden>

</row>
<row><valor>"JOSHUAEMANUEL"</valor>
<tipo>1</tipo>
<orden>12</orden>

</row>
<row><valor>"OTTOARTURO"</valor>
<tipo>1</tipo>
<orden>13</orden>

</row>
<row><valor>"OLGAAMPARO"</valor>
<tipo>1</tipo>
<orden>14</orden>

</row>
<row><valor>"IRISAMABILIA"</valor>
<tipo>1</tipo>
<orden>15</orden>

</row>
<row><valor>"MILTONEDUARDO"</valor>
<tipo>1</tipo>
<orden>16</orden>

</row>
<row><valor>"MARITZANOEMI"</valor>
<tipo>1</tipo>
<orden>17</orden>

</row>
<row><valor>"PABLO"</valor>
<tipo>1</tipo>
<orden>18</orden>

</row>
<row><valor>"PATROCINIO"</valor>
<tipo>1</tipo>
<orden>19</orden>

</row>
<row><valor>"ESTEBAN"</valor>
<tipo>1</tipo>
<orden>20</orden>

</row>
<row><valor>"JOSEFERNELARNOLDO"</valor>
<tipo>1</tipo>
<orden>21</orden>

</row>
<row><valor>"MARIADELCARMEN"</valor>
<tipo>1</tipo>
<orden>22</orden>

</row>
<row><valor>"MARVINGEOVANY"</valor>
<tipo>1</tipo>
<orden>23</orden>

</row>
<row><valor>"EDUARDOMISAEL"</valor>
<tipo>1</tipo>
<orden>24</orden>

</row>
<row><valor>"HECTORROLANDO"</valor>
<tipo>1</tipo>
<orden>25</orden>

</row>
<row><valor>"GUILLERMOENRIQUE"</valor>
<tipo>1</tipo>
<orden>26</orden>

</row>
<row><valor>"JOSEROSO"</valor>
<tipo>1</tipo>
<orden>27</orden>

</row>
<row><valor>"CESARMOISES"</valor>
<tipo>1</tipo>
<orden>28</orden>

</row>
<row><valor>"MIGUELANTONIO"</valor>
<tipo>1</tipo>
<orden>29</orden>

</row>
<row><valor>"MARGALETICIA"</valor>
<tipo>1</tipo>
<orden>30</orden>

</row>
<row><valor>"LISSETTEORALIA"</valor>
<tipo>1</tipo>
<orden>31</orden>

</row>
<row><valor>"ERICKENRIQUE"</valor>
<tipo>1</tipo>
<orden>32</orden>

</row>
<row><valor>"HURENE"</valor>
<tipo>1</tipo>
<orden>33</orden>

</row>
<row><valor>"ILCENOHEMI"</valor>
<tipo>1</tipo>
<orden>34</orden>

</row>
<row><valor>"ETHELCORINNA"</valor>
<tipo>1</tipo>
<orden>35</orden>

</row>
<row><valor>"ALVAROHUMBERTO"</valor>
<tipo>1</tipo>
<orden>36</orden>

</row>
<row><valor>"ESLINRODOLFO"</valor>
<tipo>1</tipo>
<orden>37</orden>

</row>
<row><valor>"LEONELHIPOLITO"</valor>
<tipo>1</tipo>
<orden>38</orden>

</row>
<row><valor>"MARIOLEONID"</valor>
<tipo>1</tipo>
<orden>39</orden>

</row>
<row><valor>"MIRNACELESTEAMPARO"</valor>
<tipo>1</tipo>
<orden>40</orden>

</row>
<row><valor>"JORGEFERNANDO"</valor>
<tipo>1</tipo>
<orden>41</orden>

</row>
<row><valor>"CAROLALBERTO"</valor>
<tipo>1</tipo>
<orden>42</orden>

</row>
<row><valor>"ERICKARTURO"</valor>
<tipo>1</tipo>
<orden>43</orden>

</row>
<row><valor>"ISAIABIMAEL"</valor>
<tipo>1</tipo>
<orden>44</orden>

</row>
<row><valor>"JESSICALILIANA"</valor>
<tipo>1</tipo>
<orden>45</orden>

</row>
<row><valor>"BANNEROSWALDO"</valor>
<tipo>1</tipo>
<orden>46</orden>

</row>
<row><valor>"JORGEEDUARDO"</valor>
<tipo>1</tipo>
<orden>47</orden>

</row>
<row><valor>"FERNANDOENRIQUE"</valor>
<tipo>1</tipo>
<orden>48</orden>

</row>
<row><valor>"CINDYPAOLA"</valor>
<tipo>1</tipo>
<orden>49</orden>

</row>
<row><valor>"DIEALEJANDRO"</valor>
<tipo>1</tipo>
<orden>50</orden>

</row>
<row><valor>"BRANINETTE"</valor>
<tipo>1</tipo>
<orden>51</orden>

</row>
<row><valor>"LIGIADELPILAR"</valor>
<tipo>1</tipo>
<orden>52</orden>

</row>
<row><valor>"HANIADELCARMEN"</valor>
<tipo>1</tipo>
<orden>53</orden>

</row>
<row><valor>"ANACECILIA"</valor>
<tipo>1</tipo>
<orden>54</orden>

</row>
<row><valor>"MARVINALEJANDRO"</valor>
<tipo>1</tipo>
<orden>55</orden>

</row>
<row><valor>"MILDREDIVONNE"</valor>
<tipo>1</tipo>
<orden>56</orden>

</row>
<row><valor>"KISSI(EMARIA"</valor>
<tipo>1</tipo>
<orden>57</orden>

</row>
<row><valor>"LUISEMILIO"</valor>
<tipo>1</tipo>
<orden>58</orden>

</row>
<row><valor>"MELSAR"</valor>
<tipo>1</tipo>
<orden>59</orden>

</row>
<row><valor>"MARIAJOSE"</valor>
<tipo>1</tipo>
<orden>60</orden>

</row>
<row><valor>"JAVIERRODRI"</valor>
<tipo>1</tipo>
<orden>61</orden>

</row>
<row><valor>"AMILCARESTUARDO"</valor>
<tipo>1</tipo>
<orden>62</orden>

</row>
<row><valor>"FRANCISCOBYRONISMAR"</valor>
<tipo>1</tipo>
<orden>63</orden>

</row>
<row><valor>"FELIXORLANDO"</valor>
<tipo>1</tipo>
<orden>64</orden>

</row>
<row><valor>"EMILIA"</valor>
<tipo>1</tipo>
<orden>65</orden>

</row>
<row><valor>"AMILCARDEJESUS"</valor>
<tipo>1</tipo>
<orden>66</orden>

</row>
<row><valor>"RUTHANGELICA"</valor>
<tipo>1</tipo>
<orden>67</orden>

</row>
<row><valor>"MIRLAESTEFANY"</valor>
<tipo>1</tipo>
<orden>68</orden>

</row>
<row><valor>"GUSTAVOANTONIO"</valor>
<tipo>1</tipo>
<orden>69</orden>

</row>
<row><valor>"ISAURO"</valor>
<tipo>1</tipo>
<orden>70</orden>

</row>
<row><valor>"HADALESLIE"</valor>
<tipo>1</tipo>
<orden>71</orden>

</row>
<row><valor>"BYRONLEOPOLDO"</valor>
<tipo>1</tipo>
<orden>72</orden>

</row>
<row><valor>"KARLAJULISSA"</valor>
<tipo>1</tipo>
<orden>73</orden>

</row>
<row><valor>"FUENTESLOPEZ"</valor>
<tipo>2</tipo>
<orden>0</orden>

</row>
<row><valor>"DIAZAJA"</valor>
<tipo>2</tipo>
<orden>1</orden>

</row>
<row><valor>"SAZOMANZO"</valor>
<tipo>2</tipo>
<orden>2</orden>

</row>
<row><valor>"LEMUSFLORIAN"</valor>
<tipo>2</tipo>
<orden>3</orden>

</row>
<row><valor>"MEZADUERING"</valor>
<tipo>2</tipo>
<orden>4</orden>

</row>
<row><valor>"MUNHOZROMAN"</valor>
<tipo>2</tipo>
<orden>5</orden>

</row>
<row><valor>"HERNANDEZZEPEDA"</valor>
<tipo>2</tipo>
<orden>6</orden>

</row>
<row><valor>"SISSIS"</valor>
<tipo>2</tipo>
<orden>7</orden>

</row>
<row><valor>"DAVILALETONA"</valor>
<tipo>2</tipo>
<orden>8</orden>

</row>
<row><valor>"ESTRADALEAL"</valor>
<tipo>2</tipo>
<orden>9</orden>

</row>
<row><valor>"CAMPOSPALMA"</valor>
<tipo>2</tipo>
<orden>10</orden>

</row>
<row><valor>"BOCHALVAREZ"</valor>
<tipo>2</tipo>
<orden>11</orden>

</row>
<row><valor>"MINERACTILLO"</valor>
<tipo>2</tipo>
<orden>12</orden>

</row>
<row><valor>"ROSSELLARGUETA"</valor>
<tipo>2</tipo>
<orden>13</orden>

</row>
<row><valor>"GARCIARAMOS"</valor>
<tipo>2</tipo>
<orden>14</orden>

</row>
<row><valor>"CSIUENTESMONTOYA"</valor>
<tipo>2</tipo>
<orden>15</orden>

</row>
<row><valor>"AVANHOESTRADA"</valor>
<tipo>2</tipo>
<orden>16</orden>

</row>
<row><valor>"FAJARDOZAMORA"</valor>
<tipo>2</tipo>
<orden>17</orden>

</row>
<row><valor>"CLAUDIOARCHILA"</valor>
<tipo>2</tipo>
<orden>18</orden>

</row>
<row><valor>"GIORDANOVILLATORO"</valor>
<tipo>2</tipo>
<orden>19</orden>

</row>
<row><valor>"ZUNHIGACARRILLO"</valor>
<tipo>2</tipo>
<orden>20</orden>

</row>
<row><valor>"JUAREZPEREZ"</valor>
<tipo>2</tipo>
<orden>21</orden>

</row>
<row><valor>"SAGTUMEACEVEDO"</valor>
<tipo>2</tipo>
<orden>22</orden>

</row>
<row><valor>"BURSMENEZ"</valor>
<tipo>2</tipo>
<orden>23</orden>

</row>
<row><valor>"CANCINOSBARRIOS"</valor>
<tipo>2</tipo>
<orden>24</orden>

</row>
<row><valor>"PONCIANOMEZ"</valor>
<tipo>2</tipo>
<orden>25</orden>

</row>
<row><valor>"LOPEZLOPEZ"</valor>
<tipo>2</tipo>
<orden>26</orden>

</row>
<row><valor>"PACHECOCANTORAL"</valor>
<tipo>2</tipo>
<orden>27</orden>

</row>
<row><valor>"CHINCHILLAPEREZ"</valor>
<tipo>2</tipo>
<orden>28</orden>

</row>
<row><valor>"SANCHEZDEPAZ"</valor>
<tipo>2</tipo>
<orden>29</orden>

</row>
<row><valor>"MANCILLAGIRON"</valor>
<tipo>2</tipo>
<orden>30</orden>

</row>
<row><valor>"CTILLOPINZON"</valor>
<tipo>2</tipo>
<orden>31</orden>

</row>
<row><valor>"HERRERABONILLA"</valor>
<tipo>2</tipo>
<orden>32</orden>

</row>
<row><valor>"RAMIREZHUNTER"</valor>
<tipo>2</tipo>
<orden>33</orden>

</row>
<row><valor>"AGUILARCTILLO"</valor>
<tipo>2</tipo>
<orden>34</orden>

</row>
<row><valor>"ENRIQUEZDELEON"</valor>
<tipo>2</tipo>
<orden>35</orden>

</row>
<row><valor>"ENRIQUEZCRUZ"</valor>
<tipo>2</tipo>
<orden>36</orden>

</row>
<row><valor>"ESTRADASOLANO"</valor>
<tipo>2</tipo>
<orden>37</orden>

</row>
<row><valor>"HERRERAVALDEZ"</valor>
<tipo>2</tipo>
<orden>38</orden>

</row>
<row><valor>"MONROYMAZARIES"</valor>
<tipo>2</tipo>
<orden>39</orden>

</row>
<row><valor>"PINEDAAGUIRRE"</valor>
<tipo>2</tipo>
<orden>40</orden>

</row>
<row><valor>"GARCIAARREDONDO"</valor>
<tipo>2</tipo>
<orden>41</orden>

</row>
<row><valor>"SOTOMENDEZ"</valor>
<tipo>2</tipo>
<orden>42</orden>

</row>
<row><valor>"OSORIOPIOX"</valor>
<tipo>2</tipo>
<orden>43</orden>

</row>
<row><valor>"ALVAREZNAJARRO"</valor>
<tipo>2</tipo>
<orden>44</orden>

</row>
<row><valor>"17 AV 7-19 ZONA 6 TERRANOVA VILLA NUEVA"</valor>
<tipo>3</tipo>
<orden>0</orden>

</row>
<row><valor>"2 AVENIDA 4-14, ZONA 18 COLONIA SAN RAFAEL I"</valor>
<tipo>3</tipo>
<orden>1</orden>

</row>
<row><valor>"KM 165 CTRA ELSALVADOR CA C-95 RES LOS DIAMANTES STA CATAR PINULA"</valor>
<tipo>3</tipo>
<orden>2</orden>

</row>
<row><valor>"9 AVENIDA 11-36, ZONA 12"</valor>
<tipo>3</tipo>
<orden>3</orden>

</row>
<row><valor>"12 AVE 17-85 CK-6 ZONA 4 CONDADO EL NARANJO COND SAN AGUSTIN, MIXCO"</valor>
<tipo>3</tipo>
<orden>4</orden>

</row>
<row><valor>"2A CALLE C 2-99 ZONA 7 VILLA NUEVA COLIN DE MONTE MARIA SUR"</valor>
<tipo>3</tipo>
<orden>5</orden>

</row>
<row><valor>"11 CALLE 1-41 ZONA 10 RESIDENCIALES NACIONES UNID 1, VILLA NUEVA"</valor>
<tipo>3</tipo>
<orden>6</orden>

</row>
<row><valor>"Calzada San Juan 31-81 zona 7"</valor>
<tipo>3</tipo>
<orden>7</orden>

</row>
<row><valor>"Av Baja Calnia 245 Piso 11 Dep 1101 Condesa del Cuauhtemoc Mexico DF"</valor>
<tipo>3</tipo>
<orden>8</orden>

</row>
<row><valor>"4a avenida 9-12, zona 1, San Marcos"</valor>
<tipo>3</tipo>
<orden>9</orden>

</row>
<row><valor>"20 calle 20-23, zona 10"</valor>
<tipo>3</tipo>
<orden>10</orden>

</row>
<row><valor>"3a Calle 10-57, zona 3 Nueva Montserrat"</valor>
<tipo>3</tipo>
<orden>11</orden>

</row>
<row><valor>"MANZANA R, LOTE 8, SAN RAFAEL EL PRADO"</valor>
<tipo>3</tipo>
<orden>12</orden>

</row>
<row><valor>"SANTA CRUZ NARANJO SANTA ROSA"</valor>
<tipo>3</tipo>
<orden>13</orden>

</row>
<row><valor>"21 Calle 7-15 Zona 1 Centro Civico"</valor>
<tipo>3</tipo>
<orden>14</orden>

</row>
<row><valor>"5a avenida 0-81, zona 1, Colonia Landivar"</valor>
<tipo>3</tipo>
<orden>15</orden>

</row>
<row><valor>"36 Avenida A 15-43 zona 5, Jardines de la uncion Sur"</valor>
<tipo>3</tipo>
<orden>16</orden>

</row>
<row><valor>"A un costado de IgleS Catolica Barrio Bethel, San Luis Peten"</valor>
<tipo>3</tipo>
<orden>17</orden>

</row>
<row><valor>"One New York PLaza Suite 4500 New York NY 10004-1562"</valor>
<tipo>3</tipo>
<orden>18</orden>

</row>
<row><valor>"08010 Barcelona, Espanha"</valor>
<tipo>3</tipo>
<orden>19</orden>

</row>
<row><valor>"4a Calle Poniente final, Local 23 Mercado de Artesania, Antigua Guatemala"</valor>
<tipo>3</tipo>
<orden>20</orden>

</row>
<row><valor>"37 CALLE 19-19  ZONA 12 GUATEMALA GUATEMALA"</valor>
<tipo>3</tipo>
<orden>21</orden>

</row>
<row><valor>"16 Calle 21-85 zona 10, Colonia Concepcion"</valor>
<tipo>3</tipo>
<orden>22</orden>

</row>
<row><valor>"33 AV 23-52 ZONA 5 COL VIVIBIEN"</valor>
<tipo>3</tipo>
<orden>23</orden>

</row>
<row><valor>"39 Calle 10-93 Ca No14 Zona 11, El Roble II"</valor>
<tipo>3</tipo>
<orden>24</orden>

</row>
<row><valor>"3a calle 6-23, zona 15"</valor>
<tipo>3</tipo>
<orden>25</orden>

</row>
<row><valor>"L 29, Fraccion E, Finca Companhia La Cabanha Km345, Col Los Saucos, Pacifico, Palin Escuintla"</valor>
<tipo>3</tipo>
<orden>26</orden>

</row>
<row><valor>"1300 NYAVENUE NWWHIGTON, DC 20577"</valor>
<tipo>3</tipo>
<orden>27</orden>

</row>
<row><valor>"VILLA LOS PINABETES KM 19-5 A SAN JOSE"</valor>
<tipo>3</tipo>
<orden>28</orden>

</row>
<row><valor>"3A CALLE 10-38 ZONA 3 DE MIXCO, COLONIA"</valor>
<tipo>3</tipo>
<orden>29</orden>

</row>
<row><valor>"34 AVENIDA 5-11 ZONA 11 JARDINES DE UTATLAN II"</valor>
<tipo>3</tipo>
<orden>30</orden>

</row>
<row><valor>"26 CALLE 13-18, ZONA 13 CA 5 CONDOMINIO PANORAMICA"</valor>
<tipo>3</tipo>
<orden>31</orden>

</row>
<row><valor>"8 CALLE 13-63  ZONA 8 MIXCO GUATEMALA"</valor>
<tipo>3</tipo>
<orden>32</orden>

</row>
<row><valor>"7 Times Square, 45th Floor, NY 10036, USA"</valor>
<tipo>3</tipo>
<orden>33</orden>

</row>
<row><valor>"10 Avenida 14-46 Zona 10 Guatemala"</valor>
<tipo>3</tipo>
<orden>34</orden>

</row>
<row><valor>"9A AVENIDA 9-40, BARRIO EL CALVARIO ZONA 2"</valor>
<tipo>3</tipo>
<orden>35</orden>

</row>
<row><valor>"3a Av A Ca A-21 ReSenciales El Tabacal, zona 5 Villa Nueva, Guatemala, Guatemala"</valor>
<tipo>3</tipo>
<orden>36</orden>

</row>
<row><valor>"5A AV 5-55 ZONA 14 EUROPLAZA"</valor>
<tipo>3</tipo>
<orden>37</orden>

</row>
<row><valor>"ALDEA SANTO DOMIN LOS OCOTES, SAN ANTO"</valor>
<tipo>3</tipo>
<orden>38</orden>

</row>
<row><valor>"5ta Calle A 30-24 zona 7 colonia Tikal 1"</valor>
<tipo>3</tipo>
<orden>39</orden>

</row>
<row><valor>"Atescatempa, Jutiapa"</valor>
<tipo>3</tipo>
<orden>40</orden>

</row>
<row><valor>"12 Calle 4-15 zona 14"</valor>
<tipo>3</tipo>
<orden>41</orden>

</row>
<row><valor>"ELSADELOSANGELES"</valor>
<tipo>1</tipo>
<orden>0</orden>

</row>
<row><valor>"IRAIDADELCARMEN"</valor>
<tipo>1</tipo>
<orden>1</orden>

</row>
<row><valor>"LIGIABEATRIZ"</valor>
<tipo>1</tipo>
<orden>2</orden>

</row>
<row><valor>"SOFIAADDERLY"</valor>
<tipo>1</tipo>
<orden>3</orden>

</row>
<row><valor>"OSCARORLANDO"</valor>
<tipo>1</tipo>
<orden>4</orden>

</row>
<row><valor>"AIDAEUGENIA"</valor>
<tipo>1</tipo>
<orden>5</orden>

</row>
<row><valor>"SAULARMANDO"</valor>
<tipo>1</tipo>
<orden>6</orden>

</row>
<row><valor>"JOSERODERICO"</valor>
<tipo>1</tipo>
<orden>7</orden>

</row>
<row><valor>"ELVIS"</valor>
<tipo>1</tipo>
<orden>8</orden>

</row>
<row><valor>"ALLANFERNANDO"</valor>
<tipo>1</tipo>
<orden>9</orden>

</row>
<row><valor>"ALMASOFIA"</valor>
<tipo>1</tipo>
<orden>10</orden>

</row>
<row><valor>"KEVINJOSUE"</valor>
<tipo>1</tipo>
<orden>11</orden>

</row>
<row><valor>"RUBEN"</valor>
<tipo>1</tipo>
<orden>12</orden>

</row>
<row><valor>"HECTORAPARICIO"</valor>
<tipo>1</tipo>
<orden>13</orden>

</row>
<row><valor>"HILDAANDREA"</valor>
<tipo>1</tipo>
<orden>14</orden>

</row>
<row><valor>"JULIACECILIA"</valor>
<tipo>1</tipo>
<orden>15</orden>

</row>
<row><valor>"SANDRANINETT"</valor>
<tipo>1</tipo>
<orden>16</orden>

</row>
<row><valor>"RICARDOARTURO"</valor>
<tipo>1</tipo>
<orden>17</orden>

</row>
<row><valor>"CATALINO"</valor>
<tipo>1</tipo>
<orden>18</orden>

</row>
<row><valor>"BLANCAIRENE"</valor>
<tipo>1</tipo>
<orden>19</orden>

</row>
<row><valor>"OSCARJORGEAUGUSTO"</valor>
<tipo>1</tipo>
<orden>20</orden>

</row>
<row><valor>"KARINAGABRIELA"</valor>
<tipo>1</tipo>
<orden>21</orden>

</row>
<row><valor>"ANGELMARIO"</valor>
<tipo>1</tipo>
<orden>22</orden>

</row>
<row><valor>"ARCENIO"</valor>
<tipo>1</tipo>
<orden>23</orden>

</row>
<row><valor>"JOSEMARIA"</valor>
<tipo>1</tipo>
<orden>24</orden>

</row>
<row><valor>"JUDITHARACELY"</valor>
<tipo>1</tipo>
<orden>25</orden>

</row>
<row><valor>"EDGARALEXANDER"</valor>
<tipo>1</tipo>
<orden>26</orden>

</row>
<row><valor>"VICTORGERARDO"</valor>
<tipo>1</tipo>
<orden>27</orden>

</row>
<row><valor>"LILIANSUSANA"</valor>
<tipo>1</tipo>
<orden>28</orden>

</row>
<row><valor>"ERIKAJULISSA"</valor>
<tipo>1</tipo>
<orden>29</orden>

</row>
<row><valor>"SEBTIAN"</valor>
<tipo>1</tipo>
<orden>30</orden>

</row>
<row><valor>"ABNERJOSUE"</valor>
<tipo>1</tipo>
<orden>31</orden>

</row>
<row><valor>"MIRIAMLILLY"</valor>
<tipo>1</tipo>
<orden>32</orden>

</row>
<row><valor>"JOEL"</valor>
<tipo>1</tipo>
<orden>33</orden>

</row>
<row><valor>"ROMULOOSWALDO"</valor>
<tipo>1</tipo>
<orden>34</orden>

</row>
<row><valor>"LUISGUSTAVO"</valor>
<tipo>1</tipo>
<orden>35</orden>

</row>
<row><valor>"BORISEDMUNDO"</valor>
<tipo>1</tipo>
<orden>36</orden>

</row>
<row><valor>"ROSALORENA"</valor>
<tipo>1</tipo>
<orden>37</orden>

</row>
<row><valor>"CESAR"</valor>
<tipo>1</tipo>
<orden>38</orden>

</row>
<row><valor>"JAIROGAMALIEL"</valor>
<tipo>1</tipo>
<orden>39</orden>

</row>
<row><valor>"BYRONALBERTO"</valor>
<tipo>1</tipo>
<orden>40</orden>

</row>
<row><valor>"BONSIACIO"</valor>
<tipo>1</tipo>
<orden>41</orden>

</row>
<row><valor>"OSCARMOISES"</valor>
<tipo>1</tipo>
<orden>42</orden>

</row>
<row><valor>"HECTORADELSO"</valor>
<tipo>1</tipo>
<orden>43</orden>

</row>
<row><valor>"MARIORANDOLFO"</valor>
<tipo>1</tipo>
<orden>44</orden>

</row>
<row><valor>"GABRIELANGEL"</valor>
<tipo>1</tipo>
<orden>45</orden>

</row>
<row><valor>"PEDROJAVIER"</valor>
<tipo>1</tipo>
<orden>46</orden>

</row>
<row><valor>"ELSACAROLINA"</valor>
<tipo>1</tipo>
<orden>47</orden>

</row>
<row><valor>"MARIAESMERALDA"</valor>
<tipo>1</tipo>
<orden>48</orden>

</row>
<row><valor>"JOSEOTILIO"</valor>
<tipo>1</tipo>
<orden>49</orden>

</row>
<row><valor>"MARVINSAMUEL"</valor>
<tipo>1</tipo>
<orden>50</orden>

</row>
<row><valor>"MAGDALENADELCONSUELO"</valor>
<tipo>1</tipo>
<orden>51</orden>

</row>
<row><valor>"HECTORAMILCAR"</valor>
<tipo>1</tipo>
<orden>52</orden>

</row>
<row><valor>"HEIDYYULISA"</valor>
<tipo>1</tipo>
<orden>53</orden>

</row>
<row><valor>"PEDROROBERTO"</valor>
<tipo>1</tipo>
<orden>54</orden>

</row>
<row><valor>"PAULAJOSEFINA"</valor>
<tipo>1</tipo>
<orden>55</orden>

</row>
<row><valor>"GILBERTOALEXIS"</valor>
<tipo>1</tipo>
<orden>56</orden>

</row>
<row><valor>"VICTORHU"</valor>
<tipo>1</tipo>
<orden>57</orden>

</row>
<row><valor>"ZOILAESPERANZA"</valor>
<tipo>1</tipo>
<orden>58</orden>

</row>
<row><valor>"ERWINANTONIO"</valor>
<tipo>1</tipo>
<orden>59</orden>

</row>
<row><valor>"MIJAILALEXANDER"</valor>
<tipo>1</tipo>
<orden>60</orden>

</row>
<row><valor>"JULIOESTUARDO"</valor>
<tipo>1</tipo>
<orden>61</orden>

</row>
<row><valor>"JOSETRINIDAD"</valor>
<tipo>1</tipo>
<orden>62</orden>

</row>
<row><valor>"MARIOLEONEL"</valor>
<tipo>1</tipo>
<orden>63</orden>

</row>
<row><valor>"EDSONROGER"</valor>
<tipo>1</tipo>
<orden>64</orden>

</row>
<row><valor>"GEOVANYALEXANDER"</valor>
<tipo>1</tipo>
<orden>65</orden>

</row>
<row><valor>"ARNOLDANDRE"</valor>
<tipo>1</tipo>
<orden>66</orden>

</row>
<row><valor>"LESBIAMARIELA"</valor>
<tipo>1</tipo>
<orden>67</orden>

</row>
<row><valor>"ALMALILLIAN"</valor>
<tipo>1</tipo>
<orden>68</orden>

</row>
<row><valor>"GUIZLENAMARISABEL"</valor>
<tipo>1</tipo>
<orden>69</orden>

</row>
<row><valor>"MARLONDANILO"</valor>
<tipo>1</tipo>
<orden>70</orden>

</row>
<row><valor>"JULIOALEJANDRO"</valor>
<tipo>1</tipo>
<orden>71</orden>

</row>
<row><valor>"FRANCISCOALEJANDRO"</valor>
<tipo>1</tipo>
<orden>72</orden>

</row>
<row><valor>"MARIATATIANA"</valor>
<tipo>1</tipo>
<orden>73</orden>

</row>
<row><valor>"ANASILVIA"</valor>
<tipo>1</tipo>
<orden>74</orden>

</row>
<row><valor>"LEALBUENAFE"</valor>
<tipo>2</tipo>
<orden>0</orden>

</row>
<row><valor>"RIVALVARADO"</valor>
<tipo>2</tipo>
<orden>1</orden>

</row>
<row><valor>"TOLEDOPAREDES"</valor>
<tipo>2</tipo>
<orden>2</orden>

</row>
<row><valor>"DIAZMAZA"</valor>
<tipo>2</tipo>
<orden>3</orden>

</row>
<row><valor>"DEPAZQUINTANA"</valor>
<tipo>2</tipo>
<orden>4</orden>

</row>
<row><valor>"PRADOCARVAJAL"</valor>
<tipo>2</tipo>
<orden>5</orden>

</row>
<row><valor>"AGUILARGARCIA"</valor>
<tipo>2</tipo>
<orden>6</orden>

</row>
<row><valor>"FERNANDEZRUEDA"</valor>
<tipo>2</tipo>
<orden>7</orden>

</row>
<row><valor>"BARRUETOLOPEZ"</valor>
<tipo>2</tipo>
<orden>8</orden>

</row>
<row><valor>"LINARESHERRERA"</valor>
<tipo>2</tipo>
<orden>9</orden>

</row>
<row><valor>"NZALEZALVAREZ"</valor>
<tipo>2</tipo>
<orden>10</orden>

</row>
<row><valor>"LAMDUQUE"</valor>
<tipo>2</tipo>
<orden>11</orden>

</row>
<row><valor>"SOLORZANOSOMOZA"</valor>
<tipo>2</tipo>
<orden>12</orden>

</row>
<row><valor>"VENTURAPANIAGUA"</valor>
<tipo>2</tipo>
<orden>13</orden>

</row>
<row><valor>"ROSALESPACHECO"</valor>
<tipo>2</tipo>
<orden>14</orden>

</row>
<row><valor>"MARTINEZROMERO"</valor>
<tipo>2</tipo>
<orden>15</orden>

</row>
<row><valor>"MAZARIESGARCIA"</valor>
<tipo>2</tipo>
<orden>16</orden>

</row>
<row><valor>"DIEMECKENZALEZ"</valor>
<tipo>2</tipo>
<orden>17</orden>

</row>
<row><valor>"LUCERODUARTE"</valor>
<tipo>2</tipo>
<orden>18</orden>

</row>
<row><valor>"CAMARFERNANDEZ"</valor>
<tipo>2</tipo>
<orden>19</orden>

</row>
<row><valor>"2a Avenida 24-19, zona 3"</valor>
<tipo>3</tipo>
<orden>0</orden>

</row>
<row><valor>"Manzana W, Lote 8, Condominio Montecristo San Jose Pinula"</valor>
<tipo>3</tipo>
<orden>1</orden>

</row>
<row><valor>"7a avenida 8-68, zona 4"</valor>
<tipo>3</tipo>
<orden>2</orden>

</row>
<row><valor>"19 AV 10-16 APTO 3 ZONA 21 COLONIA VEN"</valor>
<tipo>3</tipo>
<orden>3</orden>

</row>
<row><valor>"18 AV 14-43 ZONA 15 VISTA HERMOSA III,"</valor>
<tipo>3</tipo>
<orden>4</orden>

</row>
<row><valor>"BO SAN PEDRO, SAN PEDRO PINULA, JALAPA"</valor>
<tipo>3</tipo>
<orden>5</orden>

</row>
<row><valor>"LOTE 223, MZ J, SECTOR 11, PRADOS DE VILLA HERMOSA, SAN MIGUEL PETAPA"</valor>
<tipo>3</tipo>
<orden>6</orden>

</row>
<row><valor>"21 AVE B 0-79 CA 3 VISTA HERMOSA II ZONA 15 COND VILLA FLORENTINA"</valor>
<tipo>3</tipo>
<orden>7</orden>

</row>
<row><valor>"KM 175 AL ATLANTICO CS 6 MZ B RES VALL DE SN JORGE EL FISCAL PALENCIA"</valor>
<tipo>3</tipo>
<orden>8</orden>

</row>
<row><valor>"13 Calle 15-20 Zona 11 Guatemala, Guatemala"</valor>
<tipo>3</tipo>
<orden>9</orden>

</row>
<row><valor>"2A CALLE 15-57 BOULEVARD VISTA HERMOSA,"</valor>
<tipo>3</tipo>
<orden>10</orden>

</row>
<row><valor>"14 Avenida 0-08 Zona 1 Mixco, ReSI Raconal"</valor>
<tipo>3</tipo>
<orden>11</orden>

</row>
<row><valor>"MANZANA D LOTE 11, RESIENCIALES VILLA DEL SUR"</valor>
<tipo>3</tipo>
<orden>12</orden>

</row>
<row><valor>"PO -Box 31280"</valor>
<tipo>3</tipo>
<orden>13</orden>

</row>
<row><valor>"2A AVENIDA 4-66 ZONA 1, GUATEMALA"</valor>
<tipo>3</tipo>
<orden>14</orden>

</row>
<row><valor>"0 avenida jardines de maribel lourdes ca 58 0-20 Zona 16 Guatemala"</valor>
<tipo>3</tipo>
<orden>15</orden>

</row>
<row><valor>"Avenida 30 de Junio Barrio San Miguel Lote3-90 San Jose Escuintla"</valor>
<tipo>3</tipo>
<orden>16</orden>

</row>
<row><valor>"7A CALLE 62-60 PINARES DEL NORTE, ZONA 18"</valor>
<tipo>3</tipo>
<orden>17</orden>

</row>
<row><valor>"41 AVENIDA ARRIVILLAGA 23-05 ZONA 5, GUATEMALA"</valor>
<tipo>3</tipo>
<orden>18</orden>

</row>
<row><valor>"12 avenida 10-25, zona 2, Ciudad Nueva, Guatemala"</valor>
<tipo>3</tipo>
<orden>19</orden>

</row>
<row><valor>"2a calle 0-89 zona 4, Mariaelena I, Villa Nueva"</valor>
<tipo>3</tipo>
<orden>20</orden>

</row>
<row><valor>"13 avenida A 19-61, zona 10, Condominio Vill Marques"</valor>
<tipo>3</tipo>
<orden>21</orden>

</row>
<row><valor>"8A CALLE 3-31 ZONA 1, QUETZALTENAN"</valor>
<tipo>3</tipo>
<orden>22</orden>

</row>
<row><valor>"3a Calle 9-75 Zona 18 Res Atlantida Guatemala, Guatemala"</valor>
<tipo>3</tipo>
<orden>23</orden>

</row>
<row><valor>"19 AVENIDA 2-71, ZONA 13 RIBERA DEL RIO II SAN MIGUEL PETAPA"</valor>
<tipo>3</tipo>
<orden>24</orden>

</row>
<row><valor>"34 AVENIDA A 23-56, ZONA 5, COLONIA VIVIBIEN"</valor>
<tipo>3</tipo>
<orden>25</orden>

</row>
<row><valor>"23 CALLE,  CONDADO EL NARANJO 14-58  ZONA 4 MIXCO GUATEMALA"</valor>
<tipo>3</tipo>
<orden>26</orden>

</row>
<row><valor>"Calzada Roosevelt Centro Comercial Tikal Futura, Lcoales 236-237, FW 22-43, zona 11"</valor>
<tipo>3</tipo>
<orden>27</orden>

</row>
<row><valor>"6a Avenida 9-90 zona 3 Colonia El Gallito"</valor>
<tipo>3</tipo>
<orden>28</orden>

</row>
<row><valor>"1A CALLE 16-28 ZONA 15, COLONIA EL MAES"</valor>
<tipo>3</tipo>
<orden>29</orden>

</row>
<row><valor>"33 AV 12-02 ZONA 5, COLONIA EL EDEN, GU"</valor>
<tipo>3</tipo>
<orden>30</orden>

</row>
<row><valor>"EJE 3 CA 28 SECTOR TORRELIAN, PLANES"</valor>
<tipo>3</tipo>
<orden>31</orden>

</row>
<row><valor>"4 CALLE 16-09 ZONA 1"</valor>
<tipo>3</tipo>
<orden>32</orden>

</row>
<row><valor>"BLVD EL NARANJO CA D-9 ZONA 4 COND SAN DANIEL, MIXCO"</valor>
<tipo>3</tipo>
<orden>33</orden>

</row>
<row><valor>"28 AVENIDA 30-31, ZONA 5"</valor>
<tipo>3</tipo>
<orden>34</orden>

</row>
<row><valor>"Avenida Reforma 9-55, zona 10, EdSIicio Reforma 10, Piso 8, oficina 806"</valor>
<tipo>3</tipo>
<orden>35</orden>

</row>
<row><valor>"11 Avenida 19-51 Zona 1 Guatemala, Guatemala"</valor>
<tipo>3</tipo>
<orden>36</orden>

</row>
<row><valor>"Colonia Santia de los Caballeros No 5A, Antigua Guatemala"</valor>
<tipo>3</tipo>
<orden>37</orden>

</row>
<row><valor>"8 Avenida 6-26, Zona 4 Lom del Mirador Sumpan, Sacatepequez"</valor>
<tipo>3</tipo>
<orden>38</orden>

</row>
<row><valor>"26 avenida, lote 26, Finca el Naranjo, Zona 4, Mixco"</valor>
<tipo>3</tipo>
<orden>39</orden>

</row>
<row><valor>"14 Calle 020, Zona 10"</valor>
<tipo>3</tipo>
<orden>40</orden>

</row>
<row><valor>"7 Avenida 20-71, zona 1"</valor>
<tipo>3</tipo>
<orden>41</orden>

</row>
<row><valor>"12 Calle 1-25, zona 10 EdSIicio Geminis 10, Torre Sur"</valor>
<tipo>3</tipo>
<orden>42</orden>

</row>
<row><valor>"4 avenida 12-05, zona 1, Barrio El Carmen, Solola"</valor>
<tipo>3</tipo>
<orden>43</orden>

</row>
<row><valor>"11 CALLE 1-24 ZONA 1 MAZATENAN SUCHITEPEQUEZ"</valor>
<tipo>3</tipo>
<orden>44</orden>

</row>
<row><valor>"4a avenida 6-80 A zona 2 , Barrio Lourdes, frente al Estadio Municipal, Escuintla"</valor>
<tipo>3</tipo>
<orden>45</orden>

</row>
<row><valor>"4a Avenida, San Antonio 3-07, Km 17 a El Salvador"</valor>
<tipo>3</tipo>
<orden>46</orden>

</row>
<row><valor>"2a Avenida 2-27, zona 4 , San Jose Poaquil, Chimaltenan"</valor>
<tipo>3</tipo>
<orden>47</orden>

</row>
<row><valor>"7a Calle 1-67 zona 2 Villa Nueva San Jose El Placer"</valor>
<tipo>3</tipo>
<orden>48</orden>

</row>
<row><valor>"4 AVENIDA 41-25, ZONA 12"</valor>
<tipo>3</tipo>
<orden>49</orden>

</row>
<row><valor>"Carr Relleno Km 375, Aldea El Cerrito, Lote 2, Amatitlan"</valor>
<tipo>3</tipo>
<orden>50</orden>

</row>
<row><valor>"12 CALLE 1-25 ZONA 10 EDSIICIO GEMINIS OFICINA 1902, GUATEMALA"</valor>
<tipo>3</tipo>
<orden>51</orden>

</row>
<row><valor>"6A AV 4-81 ZONA 10"</valor>
<tipo>3</tipo>
<orden>52</orden>

</row>
<row><valor>"8A AVENIDA 5-81 ZONA 8 RESIDENCIALES PRADERA DE L FLORES CONDOMINIO L MAGNOLI CA 15 MIXCO"</valor>
<tipo>3</tipo>
<orden>53</orden>

</row>
<row><valor>"2A AV 1-11 ZONA 4 SANTO DOMIN XENACO"</valor>
<tipo>3</tipo>
<orden>54</orden>

</row>