
<row><carnet>201403001</carnet>
<dpi>"2950130000101"</dpi>
<nombre>"Juan Pablo Ruiz Guerra"</nombre>
<direccion>"14 av 11-25 zona 5, Guatemala"</direccion>
<fh_nac>19-01-1990</fh_nac>
<fh_creacion>17-08-2017 12:00:00</fh_creacion>

</row>
<row><carnet>201403002</carnet>
<dpi>"2950130001101"</dpi>
<nombre>"Jose Luis Torres Polanco"</nombre>
<direccion>"12 av 1-78 zona 1, Guatemala"</direccion>
<fh_nac>07-02-1990</fh_nac>
<fh_creacion>17-08-2017 12:00:00</fh_creacion>

</row>
<row><carnet>201403003</carnet>
<dpi>"2950130002101"</dpi>
<nombre>"Carlos Alberto Villeda"</nombre>
<direccion>"km 8.5 carretera al atlantico, residenciales vista azul, casa 27, Guatemala"</direccion>
<fh_nac>29-12-1990</fh_nac>
<fh_creacion>17-08-2017 12:00:00</fh_creacion>

</row>
<row><carnet>201403004</carnet>
<dpi>"2950130003101"</dpi>
<nombre>"Ana Patricia Bonilla Fernandez"</nombre>
<direccion>"4 av 18-46 zona 1, Guatemala"</direccion>
<fh_nac>03-02-1993</fh_nac>
<fh_creacion>17-08-2017 12:00:00</fh_creacion>

</row>
<row><carnet>201403005</carnet>
<dpi>"2950130004101"</dpi>
<nombre>"Maria Camila Hernandez"</nombre>
<direccion>"5 calle 2-05 zona 2, Mixco"</direccion>
<fh_nac>19-01-1995</fh_nac>
<fh_creacion>17-08-2017 12:00:00</fh_creacion>

</row>
<row><carnet>201403006</carnet>
<dpi>"2950130005101"</dpi>
<nombre>"Gabriel Jesus Mazariegos"</nombre>
<direccion>"6 av 16-72 zona 13, Guatemala"</direccion>
<fh_nac>09-07-1995</fh_nac>
<fh_creacion>17-08-2017 12:00:00</fh_creacion>

</row>
<row><carnet>201403007</carnet>
<dpi>"2950130006101"</dpi>
<nombre>"Alba Maritza Carrillo Lopez"</nombre>
<direccion>"17 av 11-25 zona 21, Guatemala"</direccion>
<fh_nac>30-11-1990</fh_nac>
<fh_creacion>17-08-1990 12:00:00</fh_creacion>

</row>
<row><carnet>201403008</carnet>
<dpi>"2950130007101"</dpi>
<nombre>"Fernanda Nicole Carrera Salazar"</nombre>
<direccion>"11 av 9-25 zona 6, Guatemala"</direccion>
<fh_nac>20-01-1990</fh_nac>
<fh_creacion>17-08-2017 12:00:00</fh_creacion>

</row>
<row><carnet>201403009</carnet>
<dpi>"2950130008101"</dpi>
<nombre>"Jose Gustavo Bran Orellana"</nombre>
<direccion>"14 av 11-25 zona 5"</direccion>
<fh_nac>04-01-1990</fh_nac>
<fh_creacion>17-08-2017 12:00:00</fh_creacion>

</row>
<row><carnet>201403010</carnet>
<dpi>"2950130009101"</dpi>
<nombre>"Hugo Manuel Pineda"</nombre>
<direccion>"17 av 1-20 zona 7, Mixco"</direccion>
<fh_nac>01-01-1990</fh_nac>
<fh_creacion>17-08-2017 12:00:00</fh_creacion>

</row>
<row><carnet>201403011</carnet>
<dpi>"2950130010101"</dpi>
<nombre>"Victor Alejandro Perez"</nombre>
<direccion>"13 av 15-15 zona 3, Guatemala"</direccion>
<fh_nac>10-09-1990</fh_nac>
<fh_creacion>17-08-2017 12:00:00</fh_creacion>

</row>
<row><carnet>201403012</carnet>
<dpi>"2950130011101"</dpi>
<nombre>"Joaquin Alberto Gutierrez"</nombre>
<direccion>"14 av 14-62 zona 2, Guatemala"</direccion>
<fh_nac>27-02-1990</fh_nac>
<fh_creacion>17-08-2017 12:00:00</fh_creacion>

</row>
<row><carnet>201403013</carnet>
<dpi>"2950130012101"</dpi>
<nombre>"Jorge Luis Barrera Fernandez"</nombre>
<direccion>"14 av 12-32 zona 6, Guatemala"</direccion>
<fh_nac>21-12-1994</fh_nac>
<fh_creacion>17-08-2017 12:00:00</fh_creacion>

</row>
<row><carnet>201403014</carnet>
<dpi>"2950130013101"</dpi>
<nombre>"Katerine Rodriguez Lopez"</nombre>
<direccion>"km 18 residenciales villas de San Jose, casa 86, San Jose Pinula"</direccion>
<fh_nac>23-05-1995</fh_nac>
<fh_creacion>17-08-2017 12:00:00</fh_creacion>

</row>
<row><carnet>201403015</carnet>
<dpi>"2950130014101"</dpi>
<nombre>"Felix Estuardo Perez"</nombre>
<direccion>"10 av 3-87 zona 8, San Miguel Petapa"</direccion>
<fh_nac>07-11-1990</fh_nac>
<fh_creacion>17-08-2017 12:00:00</fh_creacion>

</row>
<row><carnet>201403016</carnet>
<dpi>"2950130015101"</dpi>
<nombre>"Ricardo Perez Hernandez"</nombre>
<direccion>"7 av 1-48 zona 1, Guatemala"</direccion>
<fh_nac>11-02-1990</fh_nac>
<fh_creacion>17-08-2017 12:00:00</fh_creacion>

</row>