
<proc>
<nombre>crear_inicial</nombre>
<params>
</params><src>~CREAR PROCEDIMIENTO crear_inicial ( ) { CREAR OBJETO T_direcCION ( INTEGER avenida , INTEGER calle , TEXT nombre , TEXT descripcion ) ; CREAR TABLA estudiante ( INTEGER carnet LLAVE_PRIMARIA , TEXT dpi UNICO , TEXT nombre NO NULO , TEXT direccion , DATE fh_nac NO NULO , DATETIME fh_creacion NO NULO ) ; CREAR TABLA curso ( INTEGER codigo_curso LLAVE_PRIMARIA , TEXT nombre NO NULO , INTEGER creditos NO NULO , INTEGER creditos_prerrequisito ) ; CREAR TABLA prerrequisito ( INTEGER codigo_curso LLAVE_FORANEA curso codigo_curso , INTEGER prerrequisito LLAVE_FORANEA curso codigo_curso ) ; CREAR TABLA asignacion ( INTEGER codigo_curso LLAVE_FORANEA curso codigo_curso , INTEGER carnet LLAVE_FORANEA estudiante carnet , DATETIME fh_asignacion NO NULO , TEXT estado ) ; } ~</src>

</proc>

<proc>
<nombre>t_direccion_to_text.t_direccion</nombre>
<params>
</params><src>~CREAR FUNCION T_direcCION_TO_TEXT ( T_direcCION @direc ) TEXT { RETORNO @direc . calle + " calle, " + @direc . avenida + " avenida, " + @direc . nombre + " " + @direc . descripcion ; } ~</src>
<tipo>text</tipo>
</proc>

<proc>
<nombre>insertar_inicial</nombre>
<params>
</params><src>~CREAR PROCEDIMIENTO insertar_inicial ( ) { INSERTAR EN TABLA estudiante ( 201403001 , "2950130000101" , "Juan Pablo Ruiz Guerra" , "14 av 11-25 zona 5, Guatemala" , 19-01-1990 , 17-08-2017 00:00:00 ) ; INSERTAR EN TABLA estudiante ( 201403002 , "2950130001101" , "Jose Luis Torres Polanco" , "12 av 1-78 zona 1, Guatemala" , 07-02-1990 , 17-08-2017 00:00:00 ) ; INSERTAR EN TABLA estudiante ( 201403003 , "2950130002101" , "Carlos Alberto Villeda" , "km 8.5 carretera al atlantico, residenciales vista azul, casa 27, Guatemala" , 29-12-1990 , 17-08-2017 00:00:00 ) ; INSERTAR EN TABLA estudiante ( 201403004 , "2950130003101" , "Ana Patricia Bonilla Fernandez" , "4 av 18-46 zona 1, Guatemala" , 03-02-1993 , 17-08-2017 00:00:00 ) ; INSERTAR EN TABLA estudiante ( 201403005 , "2950130004101" , "Maria Camila Hernandez" , "5 calle 2-05 zona 2, Mixco" , 19-01-1995 , 17-08-2017 00:00:00 ) ; INSERTAR EN TABLA estudiante ( 201403006 , "2950130005101" , "Gabriel Jesus Mazariegos" , "6 av 16-72 zona 13, Guatemala" , 09-07-1995 , 17-08-2017 00:00:00 ) ; INSERTAR EN TABLA estudiante ( 201403007 , "2950130006101" , "Alba Maritza Carrillo Lopez" , "17 av 11-25 zona 21, Guatemala" , 30-11-1990 , 17-08-1990 00:00:00 ) ; INSERTAR EN TABLA estudiante ( 201403008 , "2950130007101" , "Fernanda Nicole Carrera Salazar" , "11 av 9-25 zona 6, Guatemala" , 20-01-1990 , 17-08-2017 00:00:00 ) ; INSERTAR EN TABLA estudiante ( 201403009 , "2950130008101" , "Jose Gustavo Bran Orellana" , "14 av 11-25 zona 5" , 04-01-1990 , 17-08-2017 00:00:00 ) ; INSERTAR EN TABLA estudiante ( 201403010 , "2950130009101" , "Hugo Manuel Pineda" , "17 av 1-20 zona 7, Mixco" , 01-01-1990 , 17-08-2017 00:00:00 ) ; INSERTAR EN TABLA estudiante ( 201403011 , "2950130010101" , "Victor Alejandro Perez" , "13 av 15-15 zona 3, Guatemala" , 10-09-1990 , 17-08-2017 00:00:00 ) ; INSERTAR EN TABLA estudiante ( 201403012 , "2950130011101" , "Joaquin Alberto Gutierrez" , "14 av 14-62 zona 2, Guatemala" , 27-02-1990 , 17-08-2017 00:00:00 ) ; INSERTAR EN TABLA estudiante ( 201403013 , "2950130012101" , "Jorge Luis Barrera Fernandez" , "14 av 12-32 zona 6, Guatemala" , 21-12-1994 , 17-08-2017 00:00:00 ) ; INSERTAR EN TABLA estudiante ( 201403014 , "2950130013101" , "Katerine Rodriguez Lopez" , "km 18 residenciales villas de San Jose, casa 86, San Jose Pinula" , 23-05-1995 , 17-08-2017 00:00:00 ) ; INSERTAR EN TABLA estudiante ( 201403015 , "2950130014101" , "Felix Estuardo Perez" , "10 av 3-87 zona 8, San Miguel Petapa" , 07-11-1990 , 17-08-2017 00:00:00 ) ; INSERTAR EN TABLA estudiante ( 201403016 , "2950130015101" , "Ricardo Perez Hernandez" , "7 av 1-48 zona 1, Guatemala" , 11-02-1990 , 17-08-2017 00:00:00 ) ; INSERTAR EN TABLA estudiante ( 201403017 , "2950130000101" , "Repetido - Error" , "7 av 1-48 zona 1, Guatemala" , 11-02-1990 , 17-08-2017 00:00:00 ) ; INSERTAR EN TABLA curso ( 772 , "Estructuras de Datos" , 5 , 0 ) ; INSERTAR EN TABLA curso ( 777 , "Organizacion de lenguajes y compiladores 1" , 5 , 0 ) ; INSERTAR EN TABLA curso ( 781 , "Organizacion de lenguajes y compiladores 2" , 5 , 0 ) ; INSERTAR EN TABLA curso ( 281 , "Sistemas Operativos 1" , 5 , 0 ) ; INSERTAR EN TABLA prerrequisito ( 781 , 772 ) ; INSERTAR EN TABLA prerrequisito ( 781 , 777 ) ; INSERTAR EN TABLA prerrequisito ( 281 , 781 ) ; } ~</src>

</proc>

<proc>
<nombre>funcionamientos_minimos.integer.integer</nombre>
<params>
</params><src>~CREAR PROCEDIMIENTO funcionamientos_minimos ( INTEGER @variable1 , INTEGER @variable2 ) { IMPRIMIR ( "--- Salida comparación de parámetros ---" ) ; IMPRIMIR ( "" ) ; IMPRIMIR ( "variable 1 = " + @variable1 ) ; IMPRIMIR ( "variable 2 = " + @variable2 ) ; SI ( @variable1 > @variable2 ) { IMPRIMIR ( "variable 1 es mayor" ) ; } SINO { SI ( @variable1 < @variable2 ) { IMPRIMIR ( "variable 2 es mayor" ) ; } SINO { IMPRIMIR ( "los prarmentros son iguales" ) ; } } IMPRIMIR ( "" ) ; IMPRIMIR ( "" ) ; IMPRIMIR ( "--- Salida expresiones y ciclos mínimos ---" ) ; IMPRIMIR ( "" ) ; DECLARAR @contador INTEGER = 0 ; DECLARAR @bandera BOOL = ( ( ( 5 > 10 ) || ( 15 < 25 ) ) && ( @contador == 0 ) ) ; MIENTRAS ( ( @contador >= 0 ) && ( ( @contador < 10 ) || ( @bandera == 0 ) ) ) { SI ( @contador > 5 ) { IMPRIMIR ( "Salida de Mientras [6-9]: " + @contador ) ; } SELECCIONA ( @contador ) { CASO 6 : IMPRIMIR ( " seis\n" ) ; DETENER ; CASO 7 : IMPRIMIR ( " siete\n" ) ; DETENER ; CASO 8 : IMPRIMIR ( " ocho\n" ) ; DETENER ; CASO 9 : IMPRIMIR ( " nueve\n" ) ; DETENER ; } @contador = @contador + 1 ; } IMPRIMIR ( "" ) ; IMPRIMIR ( "" ) ; IMPRIMIR ( "--- Salida atributos de un objeto ---" ) ; IMPRIMIR ( "" ) ; DECLARAR @midirec T_direcCION ; @midirec . calle = 4 ; @midirec . avenida = 12 ; @midirec . nombre = "Residenciales el bosque" ; @midirec . descripcion = "casa 45" ; IMPRIMIR ( T_direcCION_TO_TEXT ( @midirec ) ) ; } ~</src>

</proc>

<proc>
<nombre>ejecucion</nombre>
<params>
</params><src>~CREAR PROCEDIMIENTO ejecucion ( ) { crear_inicial ( ) ; insertar_inicial ( ) ; funcionamientos_minimos ( ( 15 + 2 / 2 ) * 2 - 10 , 5 + ( 28 / 4 ) * 2 ) ; } ~</src>

</proc>

<proc>
<nombre>insertar_primer_semestre</nombre>
<params>
</params><src>~CREAR PROCEDIMIENTO insertar_primer_semestre ( ) { INSERTAR EN TABLA asignacion ( 772 , 201403002 , 17-01-2017 00:00:00 , "C" ) ; INSERTAR EN TABLA asignacion ( 772 , 201403003 , 17-01-2017 00:00:00 , "C" ) ; INSERTAR EN TABLA asignacion ( 772 , 201403004 , 17-01-2017 00:00:00 , "C" ) ; INSERTAR EN TABLA asignacion ( 772 , 201403006 , 17-01-2017 00:00:00 , "C" ) ; INSERTAR EN TABLA asignacion ( 772 , 201403008 , 17-01-2017 00:00:00 , "C" ) ; INSERTAR EN TABLA asignacion ( 772 , 201403009 , 17-01-2017 00:00:00 , "C" ) ; INSERTAR EN TABLA asignacion ( 772 , 201403010 , 17-01-2017 00:00:00 , "C" ) ; INSERTAR EN TABLA asignacion ( 772 , 201403011 , 17-01-2017 00:00:00 , "C" ) ; INSERTAR EN TABLA asignacion ( 772 , 201403012 , 17-01-2017 00:00:00 , "C" ) ; INSERTAR EN TABLA asignacion ( 772 , 201403013 , 17-01-2017 00:00:00 , "C" ) ; INSERTAR EN TABLA asignacion ( 772 , 201403015 , 17-01-2017 00:00:00 , "C" ) ; INSERTAR EN TABLA asignacion ( 777 , 201403002 , 17-01-2017 00:00:00 , "C" ) ; INSERTAR EN TABLA asignacion ( 777 , 201403004 , 17-01-2017 00:00:00 , "C" ) ; INSERTAR EN TABLA asignacion ( 777 , 201403006 , 17-01-2017 00:00:00 , "C" ) ; INSERTAR EN TABLA asignacion ( 777 , 201403008 , 17-01-2017 00:00:00 , "C" ) ; INSERTAR EN TABLA asignacion ( 777 , 201403007 , 17-01-2017 00:00:00 , "C" ) ; INSERTAR EN TABLA asignacion ( 777 , 201403010 , 17-01-2017 00:00:00 , "C" ) ; INSERTAR EN TABLA asignacion ( 777 , 201403014 , 17-01-2017 00:00:00 , "C" ) ; INSERTAR EN TABLA asignacion ( 777 , 201403012 , 17-01-2017 00:00:00 , "C" ) ; INSERTAR EN TABLA asignacion ( 777 , 201403013 , 17-01-2017 00:00:00 , "C" ) ; INSERTAR EN TABLA asignacion ( 777 , 201403015 , 17-01-2017 00:00:00 , "C" ) ; } ~</src>

</proc>

<proc>
<nombre>finalizar_primer_semestre</nombre>
<params>
</params><src>~CREAR PROCEDIMIENTO finalizar_primer_semestre ( ) { ACTUALIZAR TABLA asignacion ( estado ) VALORES ( "A" ) DONDE carnet == 201403002 && ( codigo_curso == 772 || codigo_curso == 777 ) ; ACTUALIZAR TABLA asignacion ( estado ) VALORES ( "A" ) DONDE carnet == 201403004 && ( codigo_curso == 772 || codigo_curso == 777 ) ; ACTUALIZAR TABLA asignacion ( estado ) VALORES ( "A" ) DONDE carnet == 201403006 && ( codigo_curso == 772 || codigo_curso == 777 ) ; ACTUALIZAR TABLA asignacion ( estado ) VALORES ( "A" ) DONDE carnet == 201403013 && ( codigo_curso == 772 || codigo_curso == 777 ) ; ACTUALIZAR TABLA asignacion ( estado ) VALORES ( "A" ) DONDE carnet == 201403015 && ( codigo_curso == 772 || codigo_curso == 777 ) ; ACTUALIZAR TABLA asignacion ( estado ) VALORES ( "A" ) DONDE carnet == 201403003 && ( codigo_curso == 777 ) ; ACTUALIZAR TABLA asignacion ( estado ) VALORES ( "A" ) DONDE carnet == 201403010 && ( codigo_curso == 772 ) ; ACTUALIZAR TABLA asignacion ( estado ) VALORES ( "R" ) DONDE estado == "C" && ( codigo_curso == 772 || codigo_curso == 777 ) ; } ~</src>

</proc>

<proc>
<nombre>insertar_segundo_semestre</nombre>
<params>
</params><src>~CREAR PROCEDIMIENTO insertar_segundo_semestre ( ) { INSERTAR EN TABLA asignacion ( 781 , 201403002 , 12-07-2017 00:00:00 , "C" ) ; INSERTAR EN TABLA asignacion ( 781 , 201403004 , 12-07-2017 00:00:00 , "C" ) ; INSERTAR EN TABLA asignacion ( 781 , 201403006 , 12-07-2017 00:00:00 , "C" ) ; INSERTAR EN TABLA asignacion ( 781 , 201403013 , 12-07-2017 00:00:00 , "C" ) ; INSERTAR EN TABLA asignacion ( 781 , 201403015 , 12-07-2017 00:00:00 , "C" ) ; } ~</src>

</proc>

<proc>
<nombre>finalizar_segundo_semestre</nombre>
<params>
</params><src>~CREAR PROCEDIMIENTO finalizar_segundo_semestre ( ) { ACTUALIZAR TABLA asignacion ( estado ) VALORES ( "A" ) DONDE carnet == 201403002 && codigo_curso == 781 ; ACTUALIZAR TABLA asignacion ( estado ) VALORES ( "A" ) DONDE carnet == 201403004 && codigo_curso == 781 ; ACTUALIZAR TABLA asignacion ( estado ) VALORES ( "R" ) DONDE carnet != 201403002 && carnet != 201403004 && codigo_curso == 781 ; } ~</src>

</proc>

<proc>
<nombre>insertar_tercer_semestre</nombre>
<params>
</params><src>~CREAR PROCEDIMIENTO insertar_tercer_semestre ( ) { INSERTAR EN TABLA asignacion ( 281 , 201403002 , 17-01-2018 00:00:00 , "C" ) ; INSERTAR EN TABLA asignacion ( 281 , 201403004 , 17-01-2018 00:00:00 , "C" ) ; } ~</src>

</proc>

<proc>
<nombre>consultas</nombre>
<params>
</params><src>~CREAR PROCEDIMIENTO consultas ( ) { SELECCIONAR * DE asignacion ; SELECCIONAR curso . nombre , prerrequisito . prerrequisito DE prerrequisito , curso DONDE prerrequisito . codigo_curso == curso . codigo_curso ; SELECCIONAR curso . nombre , estudiante . nombre , asignacion . estado DE curso , asignacion , estudiante DONDE asignacion . codigo_curso == 281 && asignacion . carnet == estudiante . carnet && asignacion . codigo_curso == curso . codigo_curso ; SELECCIONAR curso . nombre , estudiante . nombre , asignacion . estado DE curso , asignacion , estudiante DONDE asignacion . codigo_curso == 781 && asignacion . carnet == estudiante . carnet && asignacion . codigo_curso == curso . codigo_curso ; SELECCIONAR curso . nombre , estudiante . nombre , asignacion . estado DE curso , asignacion , estudiante DONDE asignacion . carnet == estudiante . carnet && asignacion . codigo_curso == curso . codigo_curso && asignacion . fh_asignacion >= 12-07-2017 00:00:00 ; } ~</src>

</proc>

<proc>
<nombre>ejecucion2</nombre>
<params>
</params><src>~CREAR PROCEDIMIENTO ejecucion2 ( ) { insertar_primer_semestre ( ) ; finalizar_primer_semestre ( ) ; insertar_segundo_semestre ( ) ; finalizar_segundo_semestre ( ) ; insertar_tercer_semestre ( ) ; consultas ( ) ; } ~</src>

</proc>

<proc>
<nombre>iniciar_archivo3</nombre>
<params>
</params><src>~CREAR PROCEDIMIENTO iniciar_archivo3 ( ) { @estudiante1 . Carnet = 201520854 ; @estudiante2 . Carnet = 201520855 ; @estudiante3 . Carnet = 201520856 ; @estudiante4 . Carnet = 201520857 ; @estudiante5 . Carnet = 201520858 ; @estudiante6 . Carnet = 201520859 ; @estudiante7 . Carnet = 201520860 ; @estudiante8 . Carnet = 201520861 ; @estudiante9 . Carnet = 201520862 ; @estudiante10 . Carnet = 201520863 ; @estudiante11 . Carnet = 201520864 ; @estudiante12 . Carnet = 201520865 ; @estudiante13 . Carnet = 201520866 ; @estudiante14 . Carnet = 201520867 ; @estudiante15 . Carnet = 201520868 ; @estudiante1 . dpi = "1606607420101" ; @estudiante2 . dpi = "1610412480501" ; @estudiante3 . dpi = "1607206050101" ; @estudiante4 . dpi = "1607467601202" ; @estudiante5 . dpi = "2712462430101" ; @estudiante6 . dpi = "1607216440610" ; @estudiante7 . dpi = "1607216791221" ; @estudiante8 . dpi = "2300053651303" ; @estudiante9 . dpi = "2181179300101" ; @estudiante10 . dpi = "1857614020206" ; @estudiante11 . dpi = "2230180232001" ; @estudiante12 . dpi = "1871533960612" ; @estudiante13 . dpi = "2229770510101" ; @estudiante14 . dpi = "2301371560101" ; @estudiante15 . dpi = "2402887501801" ; @estudiante1 . nombres = "ROSAFABIOLASOSABANHOS" ; @estudiante2 . nombres = "KARINALISSETHROQUECRUZ" ; @estudiante3 . nombres = "WUILIANADOLFOAZMITIAGOMEZ" ; @estudiante4 . nombres = "MARIANOJOSELEMUSCABRERA" ; @estudiante5 . nombres = "JOSEROBERTOMORALESREYES" ; @estudiante6 . nombres = "ISRAELSALOMONBARRIOSIXCOT" ; @estudiante7 . nombres = "ADANIQUITECOTZAJAY" ; @estudiante8 . nombres = "ADRIANAELIZABETHQUIJIVIXRODRIGUEZ" ; @estudiante9 . nombres = "MONICAMICHELLPEREZCONTRERAS" ; @estudiante10 . nombres = "EDDYALBERTOGRIJALVAVIRULA" ; @estudiante11 . nombres = "ERICKGIOVANNIALVAREZCHAVEZ" ; @estudiante12 . nombres = "ELISEOGARCIAFLORIAN" ; @estudiante13 . nombres = "MANUELARTUROMORALESPENADOS" ; @estudiante14 . nombres = "MARIOGEOVANNIJARQUINGUERRA" ; @estudiante15 . nombres = "CARLOSARTURORIOSCASTANEDA" ; @estudiante1 . direccion1 = "17 AV 7-19 ZONA 6 TERRANOVA VILLA NUEVA" ; @estudiante2 . direccion1 = "2 AVENIDA 4-14, ZONA 18 COLONIA SAN RAFAEL I" ; @estudiante3 . direccion1 = "KM 165 CTRA A ELSALVADOR CASA C-95 RES LOS DIAMANTES STA CATAR PINULA" ; @estudiante4 . direccion1 = "9 AVENIDA 11-36, ZONA 12" ; @estudiante5 . direccion1 = "12 AVE 17-85 CK-6 ZONA 4 CONDADO EL NARANJO COND SAN AGUSTIN, MIXCO" ; @estudiante6 . direccion1 = "2A CALLE C 2-99 ZONA 7 VILLA NUEVA COLINAS DE MONTE MARIA SUR" ; @estudiante7 . direccion1 = "11 CALLE 1-41 ZONA 10 RESIDENCIALES NACIONES UNIDAS 1, VILLA NUEVA" ; @estudiante8 . direccion1 = "Calzada San Juan 31-81 zona 7" ; @estudiante9 . direccion1 = "Av Baja California 245 Piso 11 Dep 1101 Condesa del Cuauhtemoc Mexico DF" ; @estudiante10 . direccion1 = "4a avenida 9-12, zona 1, San Marcos" ; @estudiante11 . direccion1 = "20 calle 20-23, zona 10" ; @estudiante12 . direccion1 = "3a Calle 10-57, zona 3 Nueva Montserrat" ; @estudiante13 . direccion1 = "MANZANA R, LOTE 8, SAN RAFAEL EL PRADO" ; @estudiante14 . direccion1 = "SANTA CRUZ NARANJO SANTA ROSA" ; @estudiante15 . direccion1 = "21 Calle 7-15 Zona 1 Centro Civico" ; CREAR TABLA tmp_estudiante ( INTEGER carnet NULO , integer dpi nulo , text nombres nulo , text direccion1 nulo , datetime fh_nac NULo , DATETIME fh_creacion NULo ) ; } ~</src>

</proc>

<proc>
<nombre>getdpiestudiante.integer</nombre>
<params>
</params><src>~CREAR FUNCION getDPIEstudiante ( integer @ParCarnet ) text { Si ( @estudiante1 . carnet == @ParCarnet ) { RETORNO @estudiante1 . dpi ; } Si ( @estudiante2 . carnet == @ParCarnet ) { RETORNO @estudiante2 . dpi ; } Si ( @estudiante3 . carnet == @ParCarnet ) { RETORNO @estudiante3 . dpi ; } Si ( @estudiante4 . carnet == @ParCarnet ) { RETORNO @estudiante4 . dpi ; } Si ( @estudiante5 . carnet == @ParCarnet ) { RETORNO @estudiante5 . dpi ; } Si ( @estudiante6 . carnet == @ParCarnet ) { RETORNO @estudiante6 . dpi ; } Si ( @estudiante7 . carnet == @ParCarnet ) { RETORNO @estudiante7 . dpi ; } Si ( @estudiante8 . carnet == @ParCarnet ) { RETORNO @estudiante8 . dpi ; } Si ( @estudiante9 . carnet == @ParCarnet ) { RETORNO @estudiante9 . dpi ; } Si ( @estudiante10 . carnet == @ParCarnet ) { RETORNO @estudiante10 . dpi ; } Si ( @estudiante11 . carnet == @ParCarnet ) { RETORNO @estudiante11 . dpi ; } Si ( @estudiante12 . carnet == @ParCarnet ) { RETORNO @estudiante12 . dpi ; } Si ( @estudiante13 . carnet == @ParCarnet ) { RETORNO @estudiante13 . dpi ; } Si ( @estudiante14 . carnet == @ParCarnet ) { RETORNO @estudiante14 . dpi ; } Si ( @estudiante15 . carnet == @ParCarnet ) { RETORNO @estudiante15 . dpi ; } RETORNO "-1" ; } ~</src>
<tipo>text</tipo>
</proc>

<proc>
<nombre>getdatosestudiante.integer</nombre>
<params>
</params><src>~CREAR FUNCION getDatosEstudiante ( integer @ParCarnet ) TEXT { declarar @DATOS TEXT ; @DATOS = "No existe" ; Si ( @estudiante1 . carnet == @ParCarnet ) { @DATOS = @estudiante1 . dpi + " " + @estudiante1 . CARNET + " " + @estudiante1 . nombres ; } Si ( @estudiante2 . carnet == @ParCarnet ) { @DATOS = @estudiante2 . dpi + " " + @estudiante2 . CARNET + " " + @estudiante2 . nombres ; } Si ( @estudiante3 . carnet == @ParCarnet ) { @DATOS = @estudiante3 . dpi + " " + @estudiante3 . CARNET + " " + @estudiante3 . nombres ; } Si ( @estudiante4 . carnet == @ParCarnet ) { @DATOS = @estudiante4 . dpi + " " + @estudiante4 . CARNET + " " + @estudiante4 . nombres ; } Si ( @estudiante5 . carnet == @ParCarnet ) { @DATOS = @estudiante5 . dpi + " " + @estudiante5 . CARNET + " " + @estudiante5 . nombres ; } Si ( @estudiante6 . carnet == @ParCarnet ) { @DATOS = @estudiante6 . dpi + " " + @estudiante6 . CARNET + " " + @estudiante6 . nombres ; } Si ( @estudiante7 . carnet == @ParCarnet ) { @DATOS = @estudiante7 . dpi + " " + @estudiante7 . CARNET + " " + @estudiante7 . nombres ; } Si ( @estudiante8 . carnet == @ParCarnet ) { @DATOS = @estudiante8 . dpi + " " + @estudiante8 . CARNET + " " + @estudiante8 . nombres ; } Si ( @estudiante9 . carnet == @ParCarnet ) { @DATOS = @estudiante9 . dpi + " " + @estudiante9 . CARNET + " " + @estudiante9 . nombres ; } Si ( @estudiante10 . carnet == @ParCarnet ) { @DATOS = @estudiante10 . dpi + " " + @estudiante10 . CARNET + " " + @estudiante10 . nombres ; } Si ( @estudiante11 . carnet == @ParCarnet ) { @DATOS = @estudiante11 . dpi + " " + @estudiante11 . CARNET + " " + @estudiante11 . nombres ; } Si ( @estudiante12 . carnet == @ParCarnet ) { @DATOS = @estudiante12 . dpi + " " + @estudiante12 . CARNET + " " + @estudiante12 . nombres ; } Si ( @estudiante13 . carnet == @ParCarnet ) { @DATOS = @estudiante13 . dpi + " " + @estudiante13 . CARNET + " " + @estudiante13 . nombres ; } Si ( @estudiante14 . carnet == @ParCarnet ) { @DATOS = @estudiante14 . dpi + " " + @estudiante14 . CARNET + " " + @estudiante14 . nombres ; } Si ( @estudiante15 . carnet == @ParCarnet ) { @DATOS = @estudiante15 . dpi + " " + @estudiante15 . CARNET + " " + @estudiante15 . nombres ; } RETORNO @DATOS ; } ~</src>
<tipo>text</tipo>
</proc>

<proc>
<nombre>bancodatos.integer.integer.integer</nombre>
<params>
</params><src>~CREAR PROCEDIMIENTO BancoDatos ( integer @parametro_1 , integer @parametro_2 , integer @parametro_3 ) { DECLARAR @orden integer ; @orden = 0 ; SI ( @parametro_1 == 1 ) { @orden = @orden + 1 ; INSERTAR EN TABLA BANCODEDATOS ( "RICARDOARNULFO" , 1 , @orden ) ; @orden = @orden + 1 ; INSERTAR EN TABLA BANCODEDATOS ( "ENCARNACION" , 1 , @orden ) ; @orden = @orden + 1 ; INSERTAR EN TABLA BANCODEDATOS ( "MIGUELEDMUNDO" , 1 , @orden ) ; @orden = @orden + 1 ; INSERTAR EN TABLA BANCODEDATOS ( "OTTOFRANCISCO" , 1 , @orden ) ; @orden = @orden + 1 ; INSERTAR EN TABLA BANCODEDATOS ( "AUGUSTOADOLFO" , 1 , @orden ) ; @orden = @orden + 1 ; INSERTAR EN TABLA BANCODEDATOS ( "WELLINGTONJAVIER" , 1 , @orden ) ; @orden = @orden + 1 ; INSERTAR EN TABLA BANCODEDATOS ( "KARENIVONNE" , 1 , @orden ) ; @orden = @orden + 1 ; INSERTAR EN TABLA BANCODEDATOS ( "SERGIOESTUARDO" , 1 , @orden ) ; @orden = @orden + 1 ; INSERTAR EN TABLA BANCODEDATOS ( "INGRIDESTELA" , 1 , @orden ) ; @orden = @orden + 1 ; INSERTAR EN TABLA BANCODEDATOS ( "INGRIDCAROLINA" , 1 , @orden ) ; @orden = @orden + 1 ; INSERTAR EN TABLA BANCODEDATOS ( "ADELINO" , 1 , @orden ) ; @orden = @orden + 1 ; INSERTAR EN TABLA BANCODEDATOS ( "JOSHUAEMANUEL" , 1 , @orden ) ; @orden = @orden + 1 ; INSERTAR EN TABLA BANCODEDATOS ( "OTTOARTURO" , 1 , @orden ) ; @orden = @orden + 1 ; INSERTAR EN TABLA BANCODEDATOS ( "OLGAAMPARO" , 1 , @orden ) ; @orden = @orden + 1 ; INSERTAR EN TABLA BANCODEDATOS ( "IRISAMABILIA" , 1 , @orden ) ; @orden = @orden + 1 ; INSERTAR EN TABLA BANCODEDATOS ( "MILTONEDUARDO" , 1 , @orden ) ; @orden = @orden + 1 ; INSERTAR EN TABLA BANCODEDATOS ( "MARITZANOEMI" , 1 , @orden ) ; @orden = @orden + 1 ; INSERTAR EN TABLA BANCODEDATOS ( "PABLO" , 1 , @orden ) ; @orden = @orden + 1 ; INSERTAR EN TABLA BANCODEDATOS ( "PATROCINIO" , 1 , @orden ) ; @orden = @orden + 1 ; INSERTAR EN TABLA BANCODEDATOS ( "ESTEBAN" , 1 , @orden ) ; @orden = @orden + 1 ; INSERTAR EN TABLA BANCODEDATOS ( "JOSEFERNELARNOLDO" , 1 , @orden ) ; @orden = @orden + 1 ; INSERTAR EN TABLA BANCODEDATOS ( "MARIADELCARMEN" , 1 , @orden ) ; @orden = @orden + 1 ; INSERTAR EN TABLA BANCODEDATOS ( "MARVINGEOVANY" , 1 , @orden ) ; @orden = @orden + 1 ; INSERTAR EN TABLA BANCODEDATOS ( "EDUARDOMISAEL" , 1 , @orden ) ; @orden = @orden + 1 ; INSERTAR EN TABLA BANCODEDATOS ( "HECTORROLANDO" , 1 , @orden ) ; @orden = @orden + 1 ; INSERTAR EN TABLA BANCODEDATOS ( "GUILLERMOENRIQUE" , 1 , @orden ) ; @orden = @orden + 1 ; INSERTAR EN TABLA BANCODEDATOS ( "JOSEROSO" , 1 , @orden ) ; @orden = @orden + 1 ; INSERTAR EN TABLA BANCODEDATOS ( "CESARMOISES" , 1 , @orden ) ; @orden = @orden + 1 ; INSERTAR EN TABLA BANCODEDATOS ( "MIGUELANTONIO" , 1 , @orden ) ; @orden = @orden + 1 ; INSERTAR EN TABLA BANCODEDATOS ( "MARGALETICIA" , 1 , @orden ) ; @orden = @orden + 1 ; INSERTAR EN TABLA BANCODEDATOS ( "LISSETTEORALIA" , 1 , @orden ) ; @orden = @orden + 1 ; INSERTAR EN TABLA BANCODEDATOS ( "ERICKENRIQUE" , 1 , @orden ) ; @orden = @orden + 1 ; INSERTAR EN TABLA BANCODEDATOS ( "HURENE" , 1 , @orden ) ; @orden = @orden + 1 ; INSERTAR EN TABLA BANCODEDATOS ( "ILCENOHEMI" , 1 , @orden ) ; @orden = @orden + 1 ; INSERTAR EN TABLA BANCODEDATOS ( "ETHELCORINNA" , 1 , @orden ) ; @orden = @orden + 1 ; INSERTAR EN TABLA BANCODEDATOS ( "ALVAROHUMBERTO" , 1 , @orden ) ; @orden = @orden + 1 ; INSERTAR EN TABLA BANCODEDATOS ( "ESLINRODOLFO" , 1 , @orden ) ; @orden = @orden + 1 ; INSERTAR EN TABLA BANCODEDATOS ( "LEONELHIPOLITO" , 1 , @orden ) ; @orden = @orden + 1 ; INSERTAR EN TABLA BANCODEDATOS ( "MARIOLEONID" , 1 , @orden ) ; @orden = @orden + 1 ; INSERTAR EN TABLA BANCODEDATOS ( "MIRNACELESTEAMPARO" , 1 , @orden ) ; @orden = @orden + 1 ; INSERTAR EN TABLA BANCODEDATOS ( "JORGEFERNANDO" , 1 , @orden ) ; @orden = @orden + 1 ; INSERTAR EN TABLA BANCODEDATOS ( "CAROLALBERTO" , 1 , @orden ) ; @orden = @orden + 1 ; INSERTAR EN TABLA BANCODEDATOS ( "ERICKARTURO" , 1 , @orden ) ; @orden = @orden + 1 ; INSERTAR EN TABLA BANCODEDATOS ( "ISAIABIMAEL" , 1 , @orden ) ; @orden = @orden + 1 ; INSERTAR EN TABLA BANCODEDATOS ( "JESSICALILIANA" , 1 , @orden ) ; @orden = @orden + 1 ; INSERTAR EN TABLA BANCODEDATOS ( "BANNEROSWALDO" , 1 , @orden ) ; @orden = @orden + 1 ; INSERTAR EN TABLA BANCODEDATOS ( "JORGEEDUARDO" , 1 , @orden ) ; @orden = @orden + 1 ; INSERTAR EN TABLA BANCODEDATOS ( "FERNANDOENRIQUE" , 1 , @orden ) ; @orden = @orden + 1 ; INSERTAR EN TABLA BANCODEDATOS ( "CINDYPAOLA" , 1 , @orden ) ; @orden = @orden + 1 ; INSERTAR EN TABLA BANCODEDATOS ( "DIEALEJANDRO" , 1 , @orden ) ; @orden = @orden + 1 ; INSERTAR EN TABLA BANCODEDATOS ( "BRANINETTE" , 1 , @orden ) ; @orden = @orden + 1 ; INSERTAR EN TABLA BANCODEDATOS ( "LIGIADELPILAR" , 1 , @orden ) ; @orden = @orden + 1 ; INSERTAR EN TABLA BANCODEDATOS ( "HANIADELCARMEN" , 1 , @orden ) ; @orden = @orden + 1 ; INSERTAR EN TABLA BANCODEDATOS ( "ANACECILIA" , 1 , @orden ) ; @orden = @orden + 1 ; INSERTAR EN TABLA BANCODEDATOS ( "MARVINALEJANDRO" , 1 , @orden ) ; @orden = @orden + 1 ; INSERTAR EN TABLA BANCODEDATOS ( "MILDREDIVONNE" , 1 , @orden ) ; @orden = @orden + 1 ; INSERTAR EN TABLA BANCODEDATOS ( "KISSI(EMARIA" , 1 , @orden ) ; @orden = @orden + 1 ; INSERTAR EN TABLA BANCODEDATOS ( "LUISEMILIO" , 1 , @orden ) ; @orden = @orden + 1 ; INSERTAR EN TABLA BANCODEDATOS ( "MELSAR" , 1 , @orden ) ; @orden = @orden + 1 ; INSERTAR EN TABLA BANCODEDATOS ( "MARIAJOSE" , 1 , @orden ) ; @orden = @orden + 1 ; INSERTAR EN TABLA BANCODEDATOS ( "JAVIERRODRI" , 1 , @orden ) ; @orden = @orden + 1 ; INSERTAR EN TABLA BANCODEDATOS ( "AMILCARESTUARDO" , 1 , @orden ) ; @orden = @orden + 1 ; INSERTAR EN TABLA BANCODEDATOS ( "FRANCISCOBYRONISMAR" , 1 , @orden ) ; @orden = @orden + 1 ; INSERTAR EN TABLA BANCODEDATOS ( "FELIXORLANDO" , 1 , @orden ) ; @orden = @orden + 1 ; INSERTAR EN TABLA BANCODEDATOS ( "EMILIA" , 1 , @orden ) ; @orden = @orden + 1 ; INSERTAR EN TABLA BANCODEDATOS ( "AMILCARDEJESUS" , 1 , @orden ) ; @orden = @orden + 1 ; INSERTAR EN TABLA BANCODEDATOS ( "RUTHANGELICA" , 1 , @orden ) ; @orden = @orden + 1 ; INSERTAR EN TABLA BANCODEDATOS ( "MIRLAESTEFANY" , 1 , @orden ) ; @orden = @orden + 1 ; INSERTAR EN TABLA BANCODEDATOS ( "GUSTAVOANTONIO" , 1 , @orden ) ; @orden = @orden + 1 ; INSERTAR EN TABLA BANCODEDATOS ( "ISAURO" , 1 , @orden ) ; @orden = @orden + 1 ; INSERTAR EN TABLA BANCODEDATOS ( "HADALESLIE" , 1 , @orden ) ; @orden = @orden + 1 ; INSERTAR EN TABLA BANCODEDATOS ( "BYRONLEOPOLDO" , 1 , @orden ) ; @orden = @orden + 1 ; INSERTAR EN TABLA BANCODEDATOS ( "KARLAJULISSA" , 1 , @orden ) ; @orden = @orden + 1 ; } SI ( @parametro_1 == 2 ) { INSERTAR EN TABLA BANCODEDATOS ( "ANALUCIA" , 1 , @orden ) ; @orden = @orden + 1 ; INSERTAR EN TABLA BANCODEDATOS ( "MANUELEDUARDO" , 1 , @orden ) ; @orden = @orden + 1 ; INSERTAR EN TABLA BANCODEDATOS ( "CARLOSEFRAIN" , 1 , @orden ) ; @orden = @orden + 1 ; INSERTAR EN TABLA BANCODEDATOS ( "JOSE" , 1 , @orden ) ; @orden = @orden + 1 ; INSERTAR EN TABLA BANCODEDATOS ( "SERGIOOSWALDO" , 1 , @orden ) ; @orden = @orden + 1 ; INSERTAR EN TABLA BANCODEDATOS ( "CARLOSRAFAEL" , 1 , @orden ) ; @orden = @orden + 1 ; INSERTAR EN TABLA BANCODEDATOS ( "ALEJANDRO" , 1 , @orden ) ; @orden = @orden + 1 ; INSERTAR EN TABLA BANCODEDATOS ( "LUISALBERTO" , 1 , @orden ) ; @orden = @orden + 1 ; INSERTAR EN TABLA BANCODEDATOS ( "SUSANAANABELLA" , 1 , @orden ) ; @orden = @orden + 1 ; INSERTAR EN TABLA BANCODEDATOS ( "GUADALUPE" , 1 , @orden ) ; @orden = @orden + 1 ; INSERTAR EN TABLA BANCODEDATOS ( "EDERALEJANDRO" , 1 , @orden ) ; @orden = @orden + 1 ; INSERTAR EN TABLA BANCODEDATOS ( "JOSEMAURICIO" , 1 , @orden ) ; @orden = @orden + 1 ; INSERTAR EN TABLA BANCODEDATOS ( "EDGARMARIO" , 1 , @orden ) ; @orden = @orden + 1 ; INSERTAR EN TABLA BANCODEDATOS ( "GEMNEROLIVERIO" , 1 , @orden ) ; @orden = @orden + 1 ; INSERTAR EN TABLA BANCODEDATOS ( "ANAVICTORIA" , 1 , @orden ) ; @orden = @orden + 1 ; INSERTAR EN TABLA BANCODEDATOS ( "SILVIAROXANA" , 1 , @orden ) ; @orden = @orden + 1 ; INSERTAR EN TABLA BANCODEDATOS ( "HURICARDO" , 1 , @orden ) ; @orden = @orden + 1 ; INSERTAR EN TABLA BANCODEDATOS ( "ELVIRADELCARMEN" , 1 , @orden ) ; @orden = @orden + 1 ; INSERTAR EN TABLA BANCODEDATOS ( "ANALUCRECIA" , 1 , @orden ) ; @orden = @orden + 1 ; INSERTAR EN TABLA BANCODEDATOS ( "EDYGUALTER" , 1 , @orden ) ; @orden = @orden + 1 ; INSERTAR EN TABLA BANCODEDATOS ( "PEDROGEOVANI" , 1 , @orden ) ; @orden = @orden + 1 ; INSERTAR EN TABLA BANCODEDATOS ( "MONICAANALY" , 1 , @orden ) ; @orden = @orden + 1 ; INSERTAR EN TABLA BANCODEDATOS ( "JEANNETSIOMARA" , 1 , @orden ) ; @orden = @orden + 1 ; INSERTAR EN TABLA BANCODEDATOS ( "ARNOLDOBENJAMIN" , 1 , @orden ) ; @orden = @orden + 1 ; INSERTAR EN TABLA BANCODEDATOS ( "MAURO" , 1 , @orden ) ; @orden = @orden + 1 ; INSERTAR EN TABLA BANCODEDATOS ( "SERGIOFRANCISCO" , 1 , @orden ) ; @orden = @orden + 1 ; INSERTAR EN TABLA BANCODEDATOS ( "JOSEDAVID" , 1 , @orden ) ; @orden = @orden + 1 ; INSERTAR EN TABLA BANCODEDATOS ( "EDNAAMPARO" , 1 , @orden ) ; @orden = @orden + 1 ; INSERTAR EN TABLA BANCODEDATOS ( "DOUGLNAPOLEON" , 1 , @orden ) ; @orden = @orden + 1 ; INSERTAR EN TABLA BANCODEDATOS ( "EMPERATRIZLUCIANA" , 1 , @orden ) ; @orden = @orden + 1 ; INSERTAR EN TABLA BANCODEDATOS ( "SANDRALETICIA" , 1 , @orden ) ; @orden = @orden + 1 ; INSERTAR EN TABLA BANCODEDATOS ( "ERICKRODOLFO" , 1 , @orden ) ; @orden = @orden + 1 ; INSERTAR EN TABLA BANCODEDATOS ( "EDGARULISES" , 1 , @orden ) ; @orden = @orden + 1 ; INSERTAR EN TABLA BANCODEDATOS ( "ANGELAMERICI" , 1 , @orden ) ; @orden = @orden + 1 ; INSERTAR EN TABLA BANCODEDATOS ( "CESARHAROLDO" , 1 , @orden ) ; @orden = @orden + 1 ; INSERTAR EN TABLA BANCODEDATOS ( "ODILIAERMELEE" , 1 , @orden ) ; @orden = @orden + 1 ; INSERTAR EN TABLA BANCODEDATOS ( "MARVINBERNAL" , 1 , @orden ) ; @orden = @orden + 1 ; INSERTAR EN TABLA BANCODEDATOS ( "ALBADINORAH" , 1 , @orden ) ; @orden = @orden + 1 ; INSERTAR EN TABLA BANCODEDATOS ( "DULISROBERTO" , 1 , @orden ) ; @orden = @orden + 1 ; INSERTAR EN TABLA BANCODEDATOS ( "WALTERFERNANDO" , 1 , @orden ) ; @orden = @orden + 1 ; INSERTAR EN TABLA BANCODEDATOS ( "CLARODEJESUS" , 1 , @orden ) ; @orden = @orden + 1 ; INSERTAR EN TABLA BANCODEDATOS ( "EVELIODEJESUS" , 1 , @orden ) ; @orden = @orden + 1 ; INSERTAR EN TABLA BANCODEDATOS ( "CESARALFREDO" , 1 , @orden ) ; @orden = @orden + 1 ; INSERTAR EN TABLA BANCODEDATOS ( "MIRSAELENA" , 1 , @orden ) ; @orden = @orden + 1 ; INSERTAR EN TABLA BANCODEDATOS ( "ANAISABEL" , 1 , @orden ) ; @orden = @orden + 1 ; INSERTAR EN TABLA BANCODEDATOS ( "RUDYIGNACIO" , 1 , @orden ) ; @orden = @orden + 1 ; INSERTAR EN TABLA BANCODEDATOS ( "MONICAILEANA" , 1 , @orden ) ; @orden = @orden + 1 ; INSERTAR EN TABLA BANCODEDATOS ( "BRAULIOELIZARDO" , 1 , @orden ) ; @orden = @orden + 1 ; INSERTAR EN TABLA BANCODEDATOS ( "ZULLYALEJANDRA" , 1 , @orden ) ; @orden = @orden + 1 ; INSERTAR EN TABLA BANCODEDATOS ( "KENNETHMAX" , 1 , @orden ) ; @orden = @orden + 1 ; INSERTAR EN TABLA BANCODEDATOS ( "HERBERTALEJANDRO" , 1 , @orden ) ; @orden = @orden + 1 ; INSERTAR EN TABLA BANCODEDATOS ( "CATHERINMALENA" , 1 , @orden ) ; @orden = @orden + 1 ; INSERTAR EN TABLA BANCODEDATOS ( "ANIBAL" , 1 , @orden ) ; @orden = @orden + 1 ; INSERTAR EN TABLA BANCODEDATOS ( "WALTEREMILIO" , 1 , @orden ) ; @orden = @orden + 1 ; INSERTAR EN TABLA BANCODEDATOS ( "ANDREAVERONICA" , 1 , @orden ) ; @orden = @orden + 1 ; INSERTAR EN TABLA BANCODEDATOS ( "RAULANTONIO" , 1 , @orden ) ; @orden = @orden + 1 ; INSERTAR EN TABLA BANCODEDATOS ( "CAROLINAISABEL" , 1 , @orden ) ; @orden = @orden + 1 ; INSERTAR EN TABLA BANCODEDATOS ( "ARMANDONZALO" , 1 , @orden ) ; @orden = @orden + 1 ; INSERTAR EN TABLA BANCODEDATOS ( "GLORIAEDELMIRA" , 1 , @orden ) ; @orden = @orden + 1 ; INSERTAR EN TABLA BANCODEDATOS ( "VICTORVICENTE" , 1 , @orden ) ; @orden = @orden + 1 ; INSERTAR EN TABLA BANCODEDATOS ( "KARLAJOHANAPAOLA" , 1 , @orden ) ; @orden = @orden + 1 ; INSERTAR EN TABLA BANCODEDATOS ( "ALFREDOESTUARDO" , 1 , @orden ) ; @orden = @orden + 1 ; INSERTAR EN TABLA BANCODEDATOS ( "EDILZARGILBERTO" , 1 , @orden ) ; @orden = @orden + 1 ; INSERTAR EN TABLA BANCODEDATOS ( "BYRONRENE" , 1 , @orden ) ; @orden = @orden + 1 ; INSERTAR EN TABLA BANCODEDATOS ( "ALMAVELINDA" , 1 , @orden ) ; @orden = @orden + 1 ; INSERTAR EN TABLA BANCODEDATOS ( "TORIBIOVALERO" , 1 , @orden ) ; @orden = @orden + 1 ; INSERTAR EN TABLA BANCODEDATOS ( "CONCHACLARISSA" , 1 , @orden ) ; @orden = @orden + 1 ; INSERTAR EN TABLA BANCODEDATOS ( "EDGARHUMBERTO" , 1 , @orden ) ; @orden = @orden + 1 ; INSERTAR EN TABLA BANCODEDATOS ( "GLIZALARGYS" , 1 , @orden ) ; @orden = @orden + 1 ; INSERTAR EN TABLA BANCODEDATOS ( "SILVIAMARINA" , 1 , @orden ) ; @orden = @orden + 1 ; INSERTAR EN TABLA BANCODEDATOS ( "JOSEDOMIN" , 1 , @orden ) ; @orden = @orden + 1 ; INSERTAR EN TABLA BANCODEDATOS ( "FLORENCIOPEDRO" , 1 , @orden ) ; @orden = @orden + 1 ; INSERTAR EN TABLA BANCODEDATOS ( "EDGARDO" , 1 , @orden ) ; @orden = @orden + 1 ; INSERTAR EN TABLA BANCODEDATOS ( "JOSECARLOS" , 1 , @orden ) ; @orden = @orden + 1 ; INSERTAR EN TABLA BANCODEDATOS ( "IRMALUCRECIA" , 1 , @orden ) ; @orden = @orden + 1 ; } SI ( @parametro_1 == 3 ) { INSERTAR EN TABLA BANCODEDATOS ( "ELSADELOSANGELES" , 1 , @orden ) ; @orden = @orden + 1 ; INSERTAR EN TABLA BANCODEDATOS ( "IRAIDADELCARMEN" , 1 , @orden ) ; @orden = @orden + 1 ; INSERTAR EN TABLA BANCODEDATOS ( "LIGIABEATRIZ" , 1 , @orden ) ; @orden = @orden + 1 ; INSERTAR EN TABLA BANCODEDATOS ( "SOFIAADDERLY" , 1 , @orden ) ; @orden = @orden + 1 ; INSERTAR EN TABLA BANCODEDATOS ( "OSCARORLANDO" , 1 , @orden ) ; @orden = @orden + 1 ; INSERTAR EN TABLA BANCODEDATOS ( "AIDAEUGENIA" , 1 , @orden ) ; @orden = @orden + 1 ; INSERTAR EN TABLA BANCODEDATOS ( "SAULARMANDO" , 1 , @orden ) ; @orden = @orden + 1 ; INSERTAR EN TABLA BANCODEDATOS ( "JOSERODERICO" , 1 , @orden ) ; @orden = @orden + 1 ; INSERTAR EN TABLA BANCODEDATOS ( "ELVIS" , 1 , @orden ) ; @orden = @orden + 1 ; INSERTAR EN TABLA BANCODEDATOS ( "ALLANFERNANDO" , 1 , @orden ) ; @orden = @orden + 1 ; INSERTAR EN TABLA BANCODEDATOS ( "ALMASOFIA" , 1 , @orden ) ; @orden = @orden + 1 ; INSERTAR EN TABLA BANCODEDATOS ( "KEVINJOSUE" , 1 , @orden ) ; @orden = @orden + 1 ; INSERTAR EN TABLA BANCODEDATOS ( "RUBEN" , 1 , @orden ) ; @orden = @orden + 1 ; INSERTAR EN TABLA BANCODEDATOS ( "HECTORAPARICIO" , 1 , @orden ) ; @orden = @orden + 1 ; INSERTAR EN TABLA BANCODEDATOS ( "HILDAANDREA" , 1 , @orden ) ; @orden = @orden + 1 ; INSERTAR EN TABLA BANCODEDATOS ( "JULIACECILIA" , 1 , @orden ) ; @orden = @orden + 1 ; INSERTAR EN TABLA BANCODEDATOS ( "SANDRANINETT" , 1 , @orden ) ; @orden = @orden + 1 ; INSERTAR EN TABLA BANCODEDATOS ( "RICARDOARTURO" , 1 , @orden ) ; @orden = @orden + 1 ; INSERTAR EN TABLA BANCODEDATOS ( "CATALINO" , 1 , @orden ) ; @orden = @orden + 1 ; INSERTAR EN TABLA BANCODEDATOS ( "BLANCAIRENE" , 1 , @orden ) ; @orden = @orden + 1 ; INSERTAR EN TABLA BANCODEDATOS ( "OSCARJORGEAUGUSTO" , 1 , @orden ) ; @orden = @orden + 1 ; INSERTAR EN TABLA BANCODEDATOS ( "KARINAGABRIELA" , 1 , @orden ) ; @orden = @orden + 1 ; INSERTAR EN TABLA BANCODEDATOS ( "ANGELMARIO" , 1 , @orden ) ; @orden = @orden + 1 ; INSERTAR EN TABLA BANCODEDATOS ( "ARCENIO" , 1 , @orden ) ; @orden = @orden + 1 ; INSERTAR EN TABLA BANCODEDATOS ( "JOSEMARIA" , 1 , @orden ) ; @orden = @orden + 1 ; INSERTAR EN TABLA BANCODEDATOS ( "JUDITHARACELY" , 1 , @orden ) ; @orden = @orden + 1 ; INSERTAR EN TABLA BANCODEDATOS ( "EDGARALEXANDER" , 1 , @orden ) ; @orden = @orden + 1 ; INSERTAR EN TABLA BANCODEDATOS ( "VICTORGERARDO" , 1 , @orden ) ; @orden = @orden + 1 ; INSERTAR EN TABLA BANCODEDATOS ( "LILIANSUSANA" , 1 , @orden ) ; @orden = @orden + 1 ; INSERTAR EN TABLA BANCODEDATOS ( "ERIKAJULISSA" , 1 , @orden ) ; @orden = @orden + 1 ; INSERTAR EN TABLA BANCODEDATOS ( "SEBTIAN" , 1 , @orden ) ; @orden = @orden + 1 ; INSERTAR EN TABLA BANCODEDATOS ( "ABNERJOSUE" , 1 , @orden ) ; @orden = @orden + 1 ; INSERTAR EN TABLA BANCODEDATOS ( "MIRIAMLILLY" , 1 , @orden ) ; @orden = @orden + 1 ; INSERTAR EN TABLA BANCODEDATOS ( "JOEL" , 1 , @orden ) ; @orden = @orden + 1 ; INSERTAR EN TABLA BANCODEDATOS ( "ROMULOOSWALDO" , 1 , @orden ) ; @orden = @orden + 1 ; INSERTAR EN TABLA BANCODEDATOS ( "LUISGUSTAVO" , 1 , @orden ) ; @orden = @orden + 1 ; INSERTAR EN TABLA BANCODEDATOS ( "BORISEDMUNDO" , 1 , @orden ) ; @orden = @orden + 1 ; INSERTAR EN TABLA BANCODEDATOS ( "ROSALORENA" , 1 , @orden ) ; @orden = @orden + 1 ; INSERTAR EN TABLA BANCODEDATOS ( "CESAR" , 1 , @orden ) ; @orden = @orden + 1 ; INSERTAR EN TABLA BANCODEDATOS ( "JAIROGAMALIEL" , 1 , @orden ) ; @orden = @orden + 1 ; INSERTAR EN TABLA BANCODEDATOS ( "BYRONALBERTO" , 1 , @orden ) ; @orden = @orden + 1 ; INSERTAR EN TABLA BANCODEDATOS ( "BONSIACIO" , 1 , @orden ) ; @orden = @orden + 1 ; INSERTAR EN TABLA BANCODEDATOS ( "OSCARMOISES" , 1 , @orden ) ; @orden = @orden + 1 ; INSERTAR EN TABLA BANCODEDATOS ( "HECTORADELSO" , 1 , @orden ) ; @orden = @orden + 1 ; INSERTAR EN TABLA BANCODEDATOS ( "MARIORANDOLFO" , 1 , @orden ) ; @orden = @orden + 1 ; INSERTAR EN TABLA BANCODEDATOS ( "GABRIELANGEL" , 1 , @orden ) ; @orden = @orden + 1 ; INSERTAR EN TABLA BANCODEDATOS ( "PEDROJAVIER" , 1 , @orden ) ; @orden = @orden + 1 ; INSERTAR EN TABLA BANCODEDATOS ( "ELSACAROLINA" , 1 , @orden ) ; @orden = @orden + 1 ; INSERTAR EN TABLA BANCODEDATOS ( "MARIAESMERALDA" , 1 , @orden ) ; @orden = @orden + 1 ; INSERTAR EN TABLA BANCODEDATOS ( "JOSEOTILIO" , 1 , @orden ) ; @orden = @orden + 1 ; INSERTAR EN TABLA BANCODEDATOS ( "MARVINSAMUEL" , 1 , @orden ) ; @orden = @orden + 1 ; INSERTAR EN TABLA BANCODEDATOS ( "MAGDALENADELCONSUELO" , 1 , @orden ) ; @orden = @orden + 1 ; INSERTAR EN TABLA BANCODEDATOS ( "HECTORAMILCAR" , 1 , @orden ) ; @orden = @orden + 1 ; INSERTAR EN TABLA BANCODEDATOS ( "HEIDYYULISA" , 1 , @orden ) ; @orden = @orden + 1 ; INSERTAR EN TABLA BANCODEDATOS ( "PEDROROBERTO" , 1 , @orden ) ; @orden = @orden + 1 ; INSERTAR EN TABLA BANCODEDATOS ( "PAULAJOSEFINA" , 1 , @orden ) ; @orden = @orden + 1 ; INSERTAR EN TABLA BANCODEDATOS ( "GILBERTOALEXIS" , 1 , @orden ) ; @orden = @orden + 1 ; INSERTAR EN TABLA BANCODEDATOS ( "VICTORHU" , 1 , @orden ) ; @orden = @orden + 1 ; INSERTAR EN TABLA BANCODEDATOS ( "ZOILAESPERANZA" , 1 , @orden ) ; @orden = @orden + 1 ; INSERTAR EN TABLA BANCODEDATOS ( "ERWINANTONIO" , 1 , @orden ) ; @orden = @orden + 1 ; INSERTAR EN TABLA BANCODEDATOS ( "MIJAILALEXANDER" , 1 , @orden ) ; @orden = @orden + 1 ; INSERTAR EN TABLA BANCODEDATOS ( "JULIOESTUARDO" , 1 , @orden ) ; @orden = @orden + 1 ; INSERTAR EN TABLA BANCODEDATOS ( "JOSETRINIDAD" , 1 , @orden ) ; @orden = @orden + 1 ; INSERTAR EN TABLA BANCODEDATOS ( "MARIOLEONEL" , 1 , @orden ) ; @orden = @orden + 1 ; INSERTAR EN TABLA BANCODEDATOS ( "EDSONROGER" , 1 , @orden ) ; @orden = @orden + 1 ; INSERTAR EN TABLA BANCODEDATOS ( "GEOVANYALEXANDER" , 1 , @orden ) ; @orden = @orden + 1 ; INSERTAR EN TABLA BANCODEDATOS ( "ARNOLDANDRE" , 1 , @orden ) ; @orden = @orden + 1 ; INSERTAR EN TABLA BANCODEDATOS ( "LESBIAMARIELA" , 1 , @orden ) ; @orden = @orden + 1 ; INSERTAR EN TABLA BANCODEDATOS ( "ALMALILLIAN" , 1 , @orden ) ; @orden = @orden + 1 ; INSERTAR EN TABLA BANCODEDATOS ( "GUIZLENAMARISABEL" , 1 , @orden ) ; @orden = @orden + 1 ; INSERTAR EN TABLA BANCODEDATOS ( "MARLONDANILO" , 1 , @orden ) ; @orden = @orden + 1 ; INSERTAR EN TABLA BANCODEDATOS ( "JULIOALEJANDRO" , 1 , @orden ) ; @orden = @orden + 1 ; INSERTAR EN TABLA BANCODEDATOS ( "FRANCISCOALEJANDRO" , 1 , @orden ) ; @orden = @orden + 1 ; INSERTAR EN TABLA BANCODEDATOS ( "MARIATATIANA" , 1 , @orden ) ; @orden = @orden + 1 ; INSERTAR EN TABLA BANCODEDATOS ( "ANASILVIA" , 1 , @orden ) ; @orden = @orden + 1 ; } @orden = 0 ; SI ( @parametro_2 == 1 ) { INSERTAR EN TABLA BANCODEDATOS ( "LEALBUENAFE" , 2 , @orden ) ; @orden = @orden + 1 ; INSERTAR EN TABLA BANCODEDATOS ( "RIVALVARADO" , 2 , @orden ) ; @orden = @orden + 1 ; INSERTAR EN TABLA BANCODEDATOS ( "TOLEDOPAREDES" , 2 , @orden ) ; @orden = @orden + 1 ; INSERTAR EN TABLA BANCODEDATOS ( "DIAZMAZA" , 2 , @orden ) ; @orden = @orden + 1 ; INSERTAR EN TABLA BANCODEDATOS ( "DEPAZQUINTANA" , 2 , @orden ) ; @orden = @orden + 1 ; INSERTAR EN TABLA BANCODEDATOS ( "PRADOCARVAJAL" , 2 , @orden ) ; @orden = @orden + 1 ; INSERTAR EN TABLA BANCODEDATOS ( "AGUILARGARCIA" , 2 , @orden ) ; @orden = @orden + 1 ; INSERTAR EN TABLA BANCODEDATOS ( "FERNANDEZRUEDA" , 2 , @orden ) ; @orden = @orden + 1 ; INSERTAR EN TABLA BANCODEDATOS ( "BARRUETOLOPEZ" , 2 , @orden ) ; @orden = @orden + 1 ; INSERTAR EN TABLA BANCODEDATOS ( "LINARESHERRERA" , 2 , @orden ) ; @orden = @orden + 1 ; INSERTAR EN TABLA BANCODEDATOS ( "NZALEZALVAREZ" , 2 , @orden ) ; @orden = @orden + 1 ; INSERTAR EN TABLA BANCODEDATOS ( "LAMDUQUE" , 2 , @orden ) ; @orden = @orden + 1 ; INSERTAR EN TABLA BANCODEDATOS ( "SOLORZANOSOMOZA" , 2 , @orden ) ; @orden = @orden + 1 ; INSERTAR EN TABLA BANCODEDATOS ( "VENTURAPANIAGUA" , 2 , @orden ) ; @orden = @orden + 1 ; INSERTAR EN TABLA BANCODEDATOS ( "ROSALESPACHECO" , 2 , @orden ) ; @orden = @orden + 1 ; INSERTAR EN TABLA BANCODEDATOS ( "MARTINEZROMERO" , 2 , @orden ) ; @orden = @orden + 1 ; INSERTAR EN TABLA BANCODEDATOS ( "MAZARIESGARCIA" , 2 , @orden ) ; @orden = @orden + 1 ; INSERTAR EN TABLA BANCODEDATOS ( "DIEMECKENZALEZ" , 2 , @orden ) ; @orden = @orden + 1 ; INSERTAR EN TABLA BANCODEDATOS ( "LUCERODUARTE" , 2 , @orden ) ; @orden = @orden + 1 ; INSERTAR EN TABLA BANCODEDATOS ( "CAMARFERNANDEZ" , 2 , @orden ) ; @orden = @orden + 1 ; } SI ( @parametro_2 == 2 ) { INSERTAR EN TABLA BANCODEDATOS ( "FUENTESLOPEZ" , 2 , @orden ) ; @orden = @orden + 1 ; INSERTAR EN TABLA BANCODEDATOS ( "DIAZAJA" , 2 , @orden ) ; @orden = @orden + 1 ; INSERTAR EN TABLA BANCODEDATOS ( "SAZOMANZO" , 2 , @orden ) ; @orden = @orden + 1 ; INSERTAR EN TABLA BANCODEDATOS ( "LEMUSFLORIAN" , 2 , @orden ) ; @orden = @orden + 1 ; INSERTAR EN TABLA BANCODEDATOS ( "MEZADUERING" , 2 , @orden ) ; @orden = @orden + 1 ; INSERTAR EN TABLA BANCODEDATOS ( "MUNHOZROMAN" , 2 , @orden ) ; @orden = @orden + 1 ; INSERTAR EN TABLA BANCODEDATOS ( "HERNANDEZZEPEDA" , 2 , @orden ) ; @orden = @orden + 1 ; INSERTAR EN TABLA BANCODEDATOS ( "SISSIS" , 2 , @orden ) ; @orden = @orden + 1 ; INSERTAR EN TABLA BANCODEDATOS ( "DAVILALETONA" , 2 , @orden ) ; @orden = @orden + 1 ; INSERTAR EN TABLA BANCODEDATOS ( "ESTRADALEAL" , 2 , @orden ) ; @orden = @orden + 1 ; INSERTAR EN TABLA BANCODEDATOS ( "CAMPOSPALMA" , 2 , @orden ) ; @orden = @orden + 1 ; INSERTAR EN TABLA BANCODEDATOS ( "BOCHALVAREZ" , 2 , @orden ) ; @orden = @orden + 1 ; INSERTAR EN TABLA BANCODEDATOS ( "MINERACTILLO" , 2 , @orden ) ; @orden = @orden + 1 ; INSERTAR EN TABLA BANCODEDATOS ( "ROSSELLARGUETA" , 2 , @orden ) ; @orden = @orden + 1 ; INSERTAR EN TABLA BANCODEDATOS ( "GARCIARAMOS" , 2 , @orden ) ; @orden = @orden + 1 ; INSERTAR EN TABLA BANCODEDATOS ( "CSIUENTESMONTOYA" , 2 , @orden ) ; @orden = @orden + 1 ; INSERTAR EN TABLA BANCODEDATOS ( "AVANHOESTRADA" , 2 , @orden ) ; @orden = @orden + 1 ; INSERTAR EN TABLA BANCODEDATOS ( "FAJARDOZAMORA" , 2 , @orden ) ; @orden = @orden + 1 ; INSERTAR EN TABLA BANCODEDATOS ( "CLAUDIOARCHILA" , 2 , @orden ) ; @orden = @orden + 1 ; INSERTAR EN TABLA BANCODEDATOS ( "GIORDANOVILLATORO" , 2 , @orden ) ; @orden = @orden + 1 ; INSERTAR EN TABLA BANCODEDATOS ( "ZUNHIGACARRILLO" , 2 , @orden ) ; @orden = @orden + 1 ; INSERTAR EN TABLA BANCODEDATOS ( "JUAREZPEREZ" , 2 , @orden ) ; @orden = @orden + 1 ; INSERTAR EN TABLA BANCODEDATOS ( "SAGTUMEACEVEDO" , 2 , @orden ) ; @orden = @orden + 1 ; INSERTAR EN TABLA BANCODEDATOS ( "BURSMENEZ" , 2 , @orden ) ; @orden = @orden + 1 ; INSERTAR EN TABLA BANCODEDATOS ( "CANCINOSBARRIOS" , 2 , @orden ) ; @orden = @orden + 1 ; INSERTAR EN TABLA BANCODEDATOS ( "PONCIANOMEZ" , 2 , @orden ) ; @orden = @orden + 1 ; INSERTAR EN TABLA BANCODEDATOS ( "LOPEZLOPEZ" , 2 , @orden ) ; @orden = @orden + 1 ; INSERTAR EN TABLA BANCODEDATOS ( "PACHECOCANTORAL" , 2 , @orden ) ; @orden = @orden + 1 ; INSERTAR EN TABLA BANCODEDATOS ( "CHINCHILLAPEREZ" , 2 , @orden ) ; @orden = @orden + 1 ; INSERTAR EN TABLA BANCODEDATOS ( "SANCHEZDEPAZ" , 2 , @orden ) ; @orden = @orden + 1 ; INSERTAR EN TABLA BANCODEDATOS ( "MANCILLAGIRON" , 2 , @orden ) ; @orden = @orden + 1 ; INSERTAR EN TABLA BANCODEDATOS ( "CTILLOPINZON" , 2 , @orden ) ; @orden = @orden + 1 ; INSERTAR EN TABLA BANCODEDATOS ( "HERRERABONILLA" , 2 , @orden ) ; @orden = @orden + 1 ; INSERTAR EN TABLA BANCODEDATOS ( "RAMIREZHUNTER" , 2 , @orden ) ; @orden = @orden + 1 ; INSERTAR EN TABLA BANCODEDATOS ( "AGUILARCTILLO" , 2 , @orden ) ; @orden = @orden + 1 ; INSERTAR EN TABLA BANCODEDATOS ( "ENRIQUEZDELEON" , 2 , @orden ) ; @orden = @orden + 1 ; INSERTAR EN TABLA BANCODEDATOS ( "ENRIQUEZCRUZ" , 2 , @orden ) ; @orden = @orden + 1 ; INSERTAR EN TABLA BANCODEDATOS ( "ESTRADASOLANO" , 2 , @orden ) ; @orden = @orden + 1 ; INSERTAR EN TABLA BANCODEDATOS ( "HERRERAVALDEZ" , 2 , @orden ) ; @orden = @orden + 1 ; INSERTAR EN TABLA BANCODEDATOS ( "MONROYMAZARIES" , 2 , @orden ) ; @orden = @orden + 1 ; INSERTAR EN TABLA BANCODEDATOS ( "PINEDAAGUIRRE" , 2 , @orden ) ; @orden = @orden + 1 ; INSERTAR EN TABLA BANCODEDATOS ( "GARCIAARREDONDO" , 2 , @orden ) ; @orden = @orden + 1 ; INSERTAR EN TABLA BANCODEDATOS ( "SOTOMENDEZ" , 2 , @orden ) ; @orden = @orden + 1 ; INSERTAR EN TABLA BANCODEDATOS ( "OSORIOPIOX" , 2 , @orden ) ; @orden = @orden + 1 ; INSERTAR EN TABLA BANCODEDATOS ( "ALVAREZNAJARRO" , 2 , @orden ) ; @orden = @orden + 1 ; } SI ( @parametro_2 == 3 ) { INSERTAR EN TABLA BANCODEDATOS ( "MONTOYACONDE" , 2 , @orden ) ; @orden = @orden + 1 ; INSERTAR EN TABLA BANCODEDATOS ( "ALVARADOMENDEZ" , 2 , @orden ) ; @orden = @orden + 1 ; INSERTAR EN TABLA BANCODEDATOS ( "ORDONHEZMONTES" , 2 , @orden ) ; @orden = @orden + 1 ; INSERTAR EN TABLA BANCODEDATOS ( "FLORIANHERNANDEZ" , 2 , @orden ) ; @orden = @orden + 1 ; INSERTAR EN TABLA BANCODEDATOS ( "POLANCOLOPEZ" , 2 , @orden ) ; @orden = @orden + 1 ; INSERTAR EN TABLA BANCODEDATOS ( "OROZCO" , 2 , @orden ) ; @orden = @orden + 1 ; INSERTAR EN TABLA BANCODEDATOS ( "REYESCUEV" , 2 , @orden ) ; @orden = @orden + 1 ; INSERTAR EN TABLA BANCODEDATOS ( "BOBADILLANHO" , 2 , @orden ) ; @orden = @orden + 1 ; INSERTAR EN TABLA BANCODEDATOS ( "ARGUETAMEZ" , 2 , @orden ) ; @orden = @orden + 1 ; INSERTAR EN TABLA BANCODEDATOS ( "DELACERDA PAEZ" , 2 , @orden ) ; @orden = @orden + 1 ; INSERTAR EN TABLA BANCODEDATOS ( "BARRIOSQUINONEZ" , 2 , @orden ) ; @orden = @orden + 1 ; INSERTAR EN TABLA BANCODEDATOS ( "PALENCIAPRADO" , 2 , @orden ) ; @orden = @orden + 1 ; INSERTAR EN TABLA BANCODEDATOS ( "IBANHEZPAZ" , 2 , @orden ) ; @orden = @orden + 1 ; INSERTAR EN TABLA BANCODEDATOS ( "MALDONADOPUAC" , 2 , @orden ) ; @orden = @orden + 1 ; INSERTAR EN TABLA BANCODEDATOS ( "ESTRADAAREVALO" , 2 , @orden ) ; @orden = @orden + 1 ; INSERTAR EN TABLA BANCODEDATOS ( "ESTRADACTRO" , 2 , @orden ) ; @orden = @orden + 1 ; INSERTAR EN TABLA BANCODEDATOS ( "VALDEZFLORES" , 2 , @orden ) ; @orden = @orden + 1 ; INSERTAR EN TABLA BANCODEDATOS ( "CUYANSAZO" , 2 , @orden ) ; @orden = @orden + 1 ; INSERTAR EN TABLA BANCODEDATOS ( "PARADARODRIGUEZ" , 2 , @orden ) ; @orden = @orden + 1 ; INSERTAR EN TABLA BANCODEDATOS ( "BULUMCANTI" , 2 , @orden ) ; @orden = @orden + 1 ; INSERTAR EN TABLA BANCODEDATOS ( "CIMIROALBA" , 2 , @orden ) ; @orden = @orden + 1 ; INSERTAR EN TABLA BANCODEDATOS ( "NZALEZMOLINA" , 2 , @orden ) ; @orden = @orden + 1 ; INSERTAR EN TABLA BANCODEDATOS ( "SARAVIAZELADA" , 2 , @orden ) ; @orden = @orden + 1 ; INSERTAR EN TABLA BANCODEDATOS ( "ROCAROCA" , 2 , @orden ) ; @orden = @orden + 1 ; INSERTAR EN TABLA BANCODEDATOS ( "SALAZARFUENTES" , 2 , @orden ) ; @orden = @orden + 1 ; INSERTAR EN TABLA BANCODEDATOS ( "VILLANUEVAGUZMAN" , 2 , @orden ) ; @orden = @orden + 1 ; INSERTAR EN TABLA BANCODEDATOS ( "MAZARIESALVAREZ" , 2 , @orden ) ; @orden = @orden + 1 ; INSERTAR EN TABLA BANCODEDATOS ( "CAALNZALEZ" , 2 , @orden ) ; @orden = @orden + 1 ; INSERTAR EN TABLA BANCODEDATOS ( "AVILACABRERA" , 2 , @orden ) ; @orden = @orden + 1 ; INSERTAR EN TABLA BANCODEDATOS ( "RODBERCIAN" , 2 , @orden ) ; @orden = @orden + 1 ; } @orden = 0 ; SI ( @parametro_3 == 1 ) { INSERTAR EN TABLA BANCODEDATOS ( "17 AV 7-19 ZONA 6 TERRANOVA VILLA NUEVA" , 3 , @orden ) ; @orden = @orden + 1 ; INSERTAR EN TABLA BANCODEDATOS ( "2 AVENIDA 4-14, ZONA 18 COLONIA SAN RAFAEL I" , 3 , @orden ) ; @orden = @orden + 1 ; INSERTAR EN TABLA BANCODEDATOS ( "KM 165 CTRA ELSALVADOR CA C-95 RES LOS DIAMANTES STA CATAR PINULA" , 3 , @orden ) ; @orden = @orden + 1 ; INSERTAR EN TABLA BANCODEDATOS ( "9 AVENIDA 11-36, ZONA 12" , 3 , @orden ) ; @orden = @orden + 1 ; INSERTAR EN TABLA BANCODEDATOS ( "12 AVE 17-85 CK-6 ZONA 4 CONDADO EL NARANJO COND SAN AGUSTIN, MIXCO" , 3 , @orden ) ; @orden = @orden + 1 ; INSERTAR EN TABLA BANCODEDATOS ( "2A CALLE C 2-99 ZONA 7 VILLA NUEVA COLIN DE MONTE MARIA SUR" , 3 , @orden ) ; @orden = @orden + 1 ; INSERTAR EN TABLA BANCODEDATOS ( "11 CALLE 1-41 ZONA 10 RESIDENCIALES NACIONES UNID 1, VILLA NUEVA" , 3 , @orden ) ; @orden = @orden + 1 ; INSERTAR EN TABLA BANCODEDATOS ( "Calzada San Juan 31-81 zona 7" , 3 , @orden ) ; @orden = @orden + 1 ; INSERTAR EN TABLA BANCODEDATOS ( "Av Baja Calnia 245 Piso 11 Dep 1101 Condesa del Cuauhtemoc Mexico DF" , 3 , @orden ) ; @orden = @orden + 1 ; INSERTAR EN TABLA BANCODEDATOS ( "4a avenida 9-12, zona 1, San Marcos" , 3 , @orden ) ; @orden = @orden + 1 ; INSERTAR EN TABLA BANCODEDATOS ( "20 calle 20-23, zona 10" , 3 , @orden ) ; @orden = @orden + 1 ; INSERTAR EN TABLA BANCODEDATOS ( "3a Calle 10-57, zona 3 Nueva Montserrat" , 3 , @orden ) ; @orden = @orden + 1 ; INSERTAR EN TABLA BANCODEDATOS ( "MANZANA R, LOTE 8, SAN RAFAEL EL PRADO" , 3 , @orden ) ; @orden = @orden + 1 ; INSERTAR EN TABLA BANCODEDATOS ( "SANTA CRUZ NARANJO SANTA ROSA" , 3 , @orden ) ; @orden = @orden + 1 ; INSERTAR EN TABLA BANCODEDATOS ( "21 Calle 7-15 Zona 1 Centro Civico" , 3 , @orden ) ; @orden = @orden + 1 ; INSERTAR EN TABLA BANCODEDATOS ( "5a avenida 0-81, zona 1, Colonia Landivar" , 3 , @orden ) ; @orden = @orden + 1 ; INSERTAR EN TABLA BANCODEDATOS ( "36 Avenida A 15-43 zona 5, Jardines de la uncion Sur" , 3 , @orden ) ; @orden = @orden + 1 ; INSERTAR EN TABLA BANCODEDATOS ( "A un costado de IgleS Catolica Barrio Bethel, San Luis Peten" , 3 , @orden ) ; @orden = @orden + 1 ; INSERTAR EN TABLA BANCODEDATOS ( "One New York PLaza Suite 4500 New York NY 10004-1562" , 3 , @orden ) ; @orden = @orden + 1 ; INSERTAR EN TABLA BANCODEDATOS ( "08010 Barcelona, Espanha" , 3 , @orden ) ; @orden = @orden + 1 ; INSERTAR EN TABLA BANCODEDATOS ( "4a Calle Poniente final, Local 23 Mercado de Artesania, Antigua Guatemala" , 3 , @orden ) ; @orden = @orden + 1 ; INSERTAR EN TABLA BANCODEDATOS ( "37 CALLE 19-19  ZONA 12 GUATEMALA GUATEMALA" , 3 , @orden ) ; @orden = @orden + 1 ; INSERTAR EN TABLA BANCODEDATOS ( "16 Calle 21-85 zona 10, Colonia Concepcion" , 3 , @orden ) ; @orden = @orden + 1 ; INSERTAR EN TABLA BANCODEDATOS ( "33 AV 23-52 ZONA 5 COL VIVIBIEN" , 3 , @orden ) ; @orden = @orden + 1 ; INSERTAR EN TABLA BANCODEDATOS ( "39 Calle 10-93 Ca No14 Zona 11, El Roble II" , 3 , @orden ) ; @orden = @orden + 1 ; INSERTAR EN TABLA BANCODEDATOS ( "3a calle 6-23, zona 15" , 3 , @orden ) ; @orden = @orden + 1 ; INSERTAR EN TABLA BANCODEDATOS ( "L 29, Fraccion E, Finca Companhia La Cabanha Km345, Col Los Saucos, Pacifico, Palin Escuintla" , 3 , @orden ) ; @orden = @orden + 1 ; INSERTAR EN TABLA BANCODEDATOS ( "1300 NYAVENUE NWWHIGTON, DC 20577" , 3 , @orden ) ; @orden = @orden + 1 ; INSERTAR EN TABLA BANCODEDATOS ( "VILLA LOS PINABETES KM 19-5 A SAN JOSE" , 3 , @orden ) ; @orden = @orden + 1 ; INSERTAR EN TABLA BANCODEDATOS ( "3A CALLE 10-38 ZONA 3 DE MIXCO, COLONIA" , 3 , @orden ) ; @orden = @orden + 1 ; INSERTAR EN TABLA BANCODEDATOS ( "34 AVENIDA 5-11 ZONA 11 JARDINES DE UTATLAN II" , 3 , @orden ) ; @orden = @orden + 1 ; INSERTAR EN TABLA BANCODEDATOS ( "26 CALLE 13-18, ZONA 13 CA 5 CONDOMINIO PANORAMICA" , 3 , @orden ) ; @orden = @orden + 1 ; INSERTAR EN TABLA BANCODEDATOS ( "8 CALLE 13-63  ZONA 8 MIXCO GUATEMALA" , 3 , @orden ) ; @orden = @orden + 1 ; INSERTAR EN TABLA BANCODEDATOS ( "7 Times Square, 45th Floor, NY 10036, USA" , 3 , @orden ) ; @orden = @orden + 1 ; INSERTAR EN TABLA BANCODEDATOS ( "10 Avenida 14-46 Zona 10 Guatemala" , 3 , @orden ) ; @orden = @orden + 1 ; INSERTAR EN TABLA BANCODEDATOS ( "9A AVENIDA 9-40, BARRIO EL CALVARIO ZONA 2" , 3 , @orden ) ; @orden = @orden + 1 ; INSERTAR EN TABLA BANCODEDATOS ( "3a Av A Ca A-21 ReSenciales El Tabacal, zona 5 Villa Nueva, Guatemala, Guatemala" , 3 , @orden ) ; @orden = @orden + 1 ; INSERTAR EN TABLA BANCODEDATOS ( "5A AV 5-55 ZONA 14 EUROPLAZA" , 3 , @orden ) ; @orden = @orden + 1 ; INSERTAR EN TABLA BANCODEDATOS ( "ALDEA SANTO DOMIN LOS OCOTES, SAN ANTO" , 3 , @orden ) ; @orden = @orden + 1 ; INSERTAR EN TABLA BANCODEDATOS ( "5ta Calle A 30-24 zona 7 colonia Tikal 1" , 3 , @orden ) ; @orden = @orden + 1 ; INSERTAR EN TABLA BANCODEDATOS ( "Atescatempa, Jutiapa" , 3 , @orden ) ; @orden = @orden + 1 ; INSERTAR EN TABLA BANCODEDATOS ( "12 Calle 4-15 zona 14" , 3 , @orden ) ; @orden = @orden + 1 ; } SI ( @parametro_3 == 2 ) { INSERTAR EN TABLA BANCODEDATOS ( "24 calle 1-05, zona 3" , 3 , @orden ) ; @orden = @orden + 1 ; INSERTAR EN TABLA BANCODEDATOS ( "6a calle 0-63, zona 1" , 3 , @orden ) ; @orden = @orden + 1 ; INSERTAR EN TABLA BANCODEDATOS ( "1A CALLE 10-70  ZONA 4 VILLA NUEVA GUATEMALA" , 3 , @orden ) ; @orden = @orden + 1 ; INSERTAR EN TABLA BANCODEDATOS ( "1a AVENIDA 47-73 MONTE MARIA I, ZONA 12, VILLA NUEVA, GUATEMALA" , 3 , @orden ) ; @orden = @orden + 1 ; INSERTAR EN TABLA BANCODEDATOS ( "10 Calle 2-84 Z9" , 3 , @orden ) ; @orden = @orden + 1 ; INSERTAR EN TABLA BANCODEDATOS ( "32 Avenida A 30-68 zona 5" , 3 , @orden ) ; @orden = @orden + 1 ; INSERTAR EN TABLA BANCODEDATOS ( "4a calle 0-74, zona 13, Pamplona" , 3 , @orden ) ; @orden = @orden + 1 ; INSERTAR EN TABLA BANCODEDATOS ( "8a Avenida 6-21 zona 14, Colonia El Campo" , 3 , @orden ) ; @orden = @orden + 1 ; INSERTAR EN TABLA BANCODEDATOS ( "9a Calle 8-31, Zona 1" , 3 , @orden ) ; @orden = @orden + 1 ; INSERTAR EN TABLA BANCODEDATOS ( "DIANAL SEIS 10-01  ZONA 10 GUATEMALA GUATEMALA" , 3 , @orden ) ; @orden = @orden + 1 ; INSERTAR EN TABLA BANCODEDATOS ( "18 Calle 6-72, Zona 1" , 3 , @orden ) ; @orden = @orden + 1 ; INSERTAR EN TABLA BANCODEDATOS ( "ALDEA EL JOCOTILLO, VC   ZONA 0 VILLA CANALES GUATEMALA" , 3 , @orden ) ; @orden = @orden + 1 ; INSERTAR EN TABLA BANCODEDATOS ( "25 Avenida 17-25, zona 6 Barrio San Antonio" , 3 , @orden ) ; @orden = @orden + 1 ; INSERTAR EN TABLA BANCODEDATOS ( "11 Calle 3-06, Zona 9" , 3 , @orden ) ; @orden = @orden + 1 ; INSERTAR EN TABLA BANCODEDATOS ( "4A CALLE A 24-44 ZONA 7, KAMINAL JUYU I" , 3 , @orden ) ; @orden = @orden + 1 ; INSERTAR EN TABLA BANCODEDATOS ( "6A AVENIDA 0-21 ZONA 1, JALAPA" , 3 , @orden ) ; @orden = @orden + 1 ; INSERTAR EN TABLA BANCODEDATOS ( "13 CALLE B 16-16 ZONA 7, VILL DE SAN" , 3 , @orden ) ; @orden = @orden + 1 ; INSERTAR EN TABLA BANCODEDATOS ( "LOTE 51, MANZANA O, RES EL QUETZAL SAN JUAN SACATEPEQUEZ" , 3 , @orden ) ; @orden = @orden + 1 ; INSERTAR EN TABLA BANCODEDATOS ( "11 AVENIDA 2-03, ZONA 19 LA FLORIDA, GUATEMALA" , 3 , @orden ) ; @orden = @orden + 1 ; INSERTAR EN TABLA BANCODEDATOS ( "COLONIA SANTA CATALINA CUILAPA, SANTA ROSA" , 3 , @orden ) ; @orden = @orden + 1 ; INSERTAR EN TABLA BANCODEDATOS ( "3A  CALLE 6-11  ZONA 9 GUATEMALA GUATEMALA" , 3 , @orden ) ; @orden = @orden + 1 ; INSERTAR EN TABLA BANCODEDATOS ( "7a avenida 40-65, zona 5" , 3 , @orden ) ; @orden = @orden + 1 ; INSERTAR EN TABLA BANCODEDATOS ( "5Av C 16-75 Apto A Zona 5 Col 1 de Julio Mixco, Guatemala" , 3 , @orden ) ; @orden = @orden + 1 ; INSERTAR EN TABLA BANCODEDATOS ( "Manzana J ca 38  Z 18, Jardines del Norte, Guatemala" , 3 , @orden ) ; @orden = @orden + 1 ; INSERTAR EN TABLA BANCODEDATOS ( "Km 528 Carretera Panamericana, El Tejar, Chimaltenan" , 3 , @orden ) ; @orden = @orden + 1 ; INSERTAR EN TABLA BANCODEDATOS ( "4a calle Oriente, Numero 2, Zona 0, Antigua Guatemala" , 3 , @orden ) ; @orden = @orden + 1 ; INSERTAR EN TABLA BANCODEDATOS ( "12 AVENIDA 12-53 COLEGIO DE MAESTROS ZONA 17" , 3 , @orden ) ; @orden = @orden + 1 ; INSERTAR EN TABLA BANCODEDATOS ( "5 AVENIDA A 2-57, BO LA DEMOCRACIA, J" , 3 , @orden ) ; @orden = @orden + 1 ; INSERTAR EN TABLA BANCODEDATOS ( "4a Avenida 2-18, Zona 1" , 3 , @orden ) ; @orden = @orden + 1 ; INSERTAR EN TABLA BANCODEDATOS ( "20 AVENIDA 19-02 COLONIA CIPRESALES ZONA" , 3 , @orden ) ; @orden = @orden + 1 ; } SI ( @parametro_3 == 3 ) { INSERTAR EN TABLA BANCODEDATOS ( "2a Avenida 24-19, zona 3" , 3 , @orden ) ; @orden = @orden + 1 ; INSERTAR EN TABLA BANCODEDATOS ( "Manzana W, Lote 8, Condominio Montecristo San Jose Pinula" , 3 , @orden ) ; @orden = @orden + 1 ; INSERTAR EN TABLA BANCODEDATOS ( "7a avenida 8-68, zona 4" , 3 , @orden ) ; @orden = @orden + 1 ; INSERTAR EN TABLA BANCODEDATOS ( "19 AV 10-16 APTO 3 ZONA 21 COLONIA VEN" , 3 , @orden ) ; @orden = @orden + 1 ; INSERTAR EN TABLA BANCODEDATOS ( "18 AV 14-43 ZONA 15 VISTA HERMOSA III," , 3 , @orden ) ; @orden = @orden + 1 ; INSERTAR EN TABLA BANCODEDATOS ( "BO SAN PEDRO, SAN PEDRO PINULA, JALAPA" , 3 , @orden ) ; @orden = @orden + 1 ; INSERTAR EN TABLA BANCODEDATOS ( "LOTE 223, MZ J, SECTOR 11, PRADOS DE VILLA HERMOSA, SAN MIGUEL PETAPA" , 3 , @orden ) ; @orden = @orden + 1 ; INSERTAR EN TABLA BANCODEDATOS ( "21 AVE B 0-79 CA 3 VISTA HERMOSA II ZONA 15 COND VILLA FLORENTINA" , 3 , @orden ) ; @orden = @orden + 1 ; INSERTAR EN TABLA BANCODEDATOS ( "KM 175 AL ATLANTICO CS 6 MZ B RES VALL DE SN JORGE EL FISCAL PALENCIA" , 3 , @orden ) ; @orden = @orden + 1 ; INSERTAR EN TABLA BANCODEDATOS ( "13 Calle 15-20 Zona 11 Guatemala, Guatemala" , 3 , @orden ) ; @orden = @orden + 1 ; INSERTAR EN TABLA BANCODEDATOS ( "2A CALLE 15-57 BOULEVARD VISTA HERMOSA," , 3 , @orden ) ; @orden = @orden + 1 ; INSERTAR EN TABLA BANCODEDATOS ( "14 Avenida 0-08 Zona 1 Mixco, ReSI Raconal" , 3 , @orden ) ; @orden = @orden + 1 ; INSERTAR EN TABLA BANCODEDATOS ( "MANZANA D LOTE 11, RESIENCIALES VILLA DEL SUR" , 3 , @orden ) ; @orden = @orden + 1 ; INSERTAR EN TABLA BANCODEDATOS ( "PO -Box 31280" , 3 , @orden ) ; @orden = @orden + 1 ; INSERTAR EN TABLA BANCODEDATOS ( "2A AVENIDA 4-66 ZONA 1, GUATEMALA" , 3 , @orden ) ; @orden = @orden + 1 ; INSERTAR EN TABLA BANCODEDATOS ( "0 avenida jardines de maribel lourdes ca 58 0-20 Zona 16 Guatemala" , 3 , @orden ) ; @orden = @orden + 1 ; INSERTAR EN TABLA BANCODEDATOS ( "Avenida 30 de Junio Barrio San Miguel Lote3-90 San Jose Escuintla" , 3 , @orden ) ; @orden = @orden + 1 ; INSERTAR EN TABLA BANCODEDATOS ( "7A CALLE 62-60 PINARES DEL NORTE, ZONA 18" , 3 , @orden ) ; @orden = @orden + 1 ; INSERTAR EN TABLA BANCODEDATOS ( "41 AVENIDA ARRIVILLAGA 23-05 ZONA 5, GUATEMALA" , 3 , @orden ) ; @orden = @orden + 1 ; INSERTAR EN TABLA BANCODEDATOS ( "12 avenida 10-25, zona 2, Ciudad Nueva, Guatemala" , 3 , @orden ) ; @orden = @orden + 1 ; INSERTAR EN TABLA BANCODEDATOS ( "2a calle 0-89 zona 4, Mariaelena I, Villa Nueva" , 3 , @orden ) ; @orden = @orden + 1 ; INSERTAR EN TABLA BANCODEDATOS ( "13 avenida A 19-61, zona 10, Condominio Vill Marques" , 3 , @orden ) ; @orden = @orden + 1 ; INSERTAR EN TABLA BANCODEDATOS ( "8A CALLE 3-31 ZONA 1, QUETZALTENAN" , 3 , @orden ) ; @orden = @orden + 1 ; INSERTAR EN TABLA BANCODEDATOS ( "3a Calle 9-75 Zona 18 Res Atlantida Guatemala, Guatemala" , 3 , @orden ) ; @orden = @orden + 1 ; INSERTAR EN TABLA BANCODEDATOS ( "19 AVENIDA 2-71, ZONA 13 RIBERA DEL RIO II SAN MIGUEL PETAPA" , 3 , @orden ) ; @orden = @orden + 1 ; INSERTAR EN TABLA BANCODEDATOS ( "34 AVENIDA A 23-56, ZONA 5, COLONIA VIVIBIEN" , 3 , @orden ) ; @orden = @orden + 1 ; INSERTAR EN TABLA BANCODEDATOS ( "23 CALLE,  CONDADO EL NARANJO 14-58  ZONA 4 MIXCO GUATEMALA" , 3 , @orden ) ; @orden = @orden + 1 ; INSERTAR EN TABLA BANCODEDATOS ( "Calzada Roosevelt Centro Comercial Tikal Futura, Lcoales 236-237, FW 22-43, zona 11" , 3 , @orden ) ; @orden = @orden + 1 ; INSERTAR EN TABLA BANCODEDATOS ( "6a Avenida 9-90 zona 3 Colonia El Gallito" , 3 , @orden ) ; @orden = @orden + 1 ; INSERTAR EN TABLA BANCODEDATOS ( "1A CALLE 16-28 ZONA 15, COLONIA EL MAES" , 3 , @orden ) ; @orden = @orden + 1 ; INSERTAR EN TABLA BANCODEDATOS ( "33 AV 12-02 ZONA 5, COLONIA EL EDEN, GU" , 3 , @orden ) ; @orden = @orden + 1 ; INSERTAR EN TABLA BANCODEDATOS ( "EJE 3 CA 28 SECTOR TORRELIAN, PLANES" , 3 , @orden ) ; @orden = @orden + 1 ; INSERTAR EN TABLA BANCODEDATOS ( "4 CALLE 16-09 ZONA 1" , 3 , @orden ) ; @orden = @orden + 1 ; INSERTAR EN TABLA BANCODEDATOS ( "BLVD EL NARANJO CA D-9 ZONA 4 COND SAN DANIEL, MIXCO" , 3 , @orden ) ; @orden = @orden + 1 ; INSERTAR EN TABLA BANCODEDATOS ( "28 AVENIDA 30-31, ZONA 5" , 3 , @orden ) ; @orden = @orden + 1 ; INSERTAR EN TABLA BANCODEDATOS ( "Avenida Reforma 9-55, zona 10, EdSIicio Reforma 10, Piso 8, oficina 806" , 3 , @orden ) ; @orden = @orden + 1 ; INSERTAR EN TABLA BANCODEDATOS ( "11 Avenida 19-51 Zona 1 Guatemala, Guatemala" , 3 , @orden ) ; @orden = @orden + 1 ; INSERTAR EN TABLA BANCODEDATOS ( "Colonia Santia de los Caballeros No 5A, Antigua Guatemala" , 3 , @orden ) ; @orden = @orden + 1 ; INSERTAR EN TABLA BANCODEDATOS ( "8 Avenida 6-26, Zona 4 Lom del Mirador Sumpan, Sacatepequez" , 3 , @orden ) ; @orden = @orden + 1 ; INSERTAR EN TABLA BANCODEDATOS ( "26 avenida, lote 26, Finca el Naranjo, Zona 4, Mixco" , 3 , @orden ) ; @orden = @orden + 1 ; INSERTAR EN TABLA BANCODEDATOS ( "14 Calle 020, Zona 10" , 3 , @orden ) ; @orden = @orden + 1 ; INSERTAR EN TABLA BANCODEDATOS ( "7 Avenida 20-71, zona 1" , 3 , @orden ) ; @orden = @orden + 1 ; INSERTAR EN TABLA BANCODEDATOS ( "12 Calle 1-25, zona 10 EdSIicio Geminis 10, Torre Sur" , 3 , @orden ) ; @orden = @orden + 1 ; INSERTAR EN TABLA BANCODEDATOS ( "4 avenida 12-05, zona 1, Barrio El Carmen, Solola" , 3 , @orden ) ; @orden = @orden + 1 ; INSERTAR EN TABLA BANCODEDATOS ( "11 CALLE 1-24 ZONA 1 MAZATENAN SUCHITEPEQUEZ" , 3 , @orden ) ; @orden = @orden + 1 ; INSERTAR EN TABLA BANCODEDATOS ( "4a avenida 6-80 A zona 2 , Barrio Lourdes, frente al Estadio Municipal, Escuintla" , 3 , @orden ) ; @orden = @orden + 1 ; INSERTAR EN TABLA BANCODEDATOS ( "4a Avenida, San Antonio 3-07, Km 17 a El Salvador" , 3 , @orden ) ; @orden = @orden + 1 ; INSERTAR EN TABLA BANCODEDATOS ( "2a Avenida 2-27, zona 4 , San Jose Poaquil, Chimaltenan" , 3 , @orden ) ; @orden = @orden + 1 ; INSERTAR EN TABLA BANCODEDATOS ( "7a Calle 1-67 zona 2 Villa Nueva San Jose El Placer" , 3 , @orden ) ; @orden = @orden + 1 ; INSERTAR EN TABLA BANCODEDATOS ( "4 AVENIDA 41-25, ZONA 12" , 3 , @orden ) ; @orden = @orden + 1 ; INSERTAR EN TABLA BANCODEDATOS ( "Carr Relleno Km 375, Aldea El Cerrito, Lote 2, Amatitlan" , 3 , @orden ) ; @orden = @orden + 1 ; INSERTAR EN TABLA BANCODEDATOS ( "12 CALLE 1-25 ZONA 10 EDSIICIO GEMINIS OFICINA 1902, GUATEMALA" , 3 , @orden ) ; @orden = @orden + 1 ; INSERTAR EN TABLA BANCODEDATOS ( "6A AV 4-81 ZONA 10" , 3 , @orden ) ; @orden = @orden + 1 ; INSERTAR EN TABLA BANCODEDATOS ( "8A AVENIDA 5-81 ZONA 8 RESIDENCIALES PRADERA DE L FLORES CONDOMINIO L MAGNOLI CA 15 MIXCO" , 3 , @orden ) ; @orden = @orden + 1 ; INSERTAR EN TABLA BANCODEDATOS ( "2A AV 1-11 ZONA 4 SANTO DOMIN XENACO" , 3 , @orden ) ; @orden = @orden + 1 ; } } ~</src>

</proc>

<proc>
<nombre>primeringreso.integer.integer.integer.integer.integer.integer.integer</nombre>
<params>
</params><src>~CREAR PROCEDIMIENTO primerIngreso ( integer @inicio , integer @fin , integer @Anho , integer @Correlativo , integer @dpi_1 , integer @dpi_correlativo , integer @dpi_ciudad ) { Declarar @x integer ; Declarar @CARNET INTEGER ; Declarar @Alumno TEXT ; Declarar @direccion1 TEXT ; Declarar @DPI INTEGER ; @CARNET = @Correlativo ; @X = @inicio ; @CARNET = ( @Anho * 100000 ) + @Correlativo ; MIENTRAS ( @X < @fin ) { SI ( @X == 1 ) { @alumNo = "LAZARO ACUNHA ORELLANA" ; @direccion1 = "7a avenida 20-98, zona 13 Colonia Aurora 2, Apartamento C" ; } SI ( @X == 2 ) { @alumNo = "LUIS ROLANDO NAJERA RIOS" ; @direccion1 = "KM 194 CARRETERA A EL SALVADOR CASA 84" ; } SI ( @X == 3 ) { @alumNo = "JUAN FERNANDO MEJIA ABREGO" ; @direccion1 = "17 CALLE 16-89 ZONA 10 JARDINES DE OAKLAND APARTAMENTO 14B" ; } SI ( @X == 4 ) { @alumNo = "JOSE MIGUEL GONZALEZ MARTINEZ" ; @direccion1 = "17 AV 18-89 BOSQUES DE MIRALVALLE CASA" ; } SI ( @X == 5 ) { @alumNo = "CLAUDIA LISSETTE DUARTE GOMEZ" ; @direccion1 = "8 CALLE B 5-31 ZONA 8 VALLES DE SAN CRISTOBAL MIXCO" ; } SI ( @X == 6 ) { @alumNo = "ROMULO MEDINA DIAZ" ; @direccion1 = "9 CALLE 11-13 CASA D-3, Z4 COND STA GABRIELA, CONDADO NARANJO, MIXCO" ; } SI ( @X == 7 ) { @alumNo = "CARLOS EDUARDO TRUJILLO MENDEZ" ; @direccion1 = "20 AVENIDA PROYECTO 4-10 22-59 ZONA 6 GU" ; } SI ( @X == 8 ) { @alumNo = "YSMAEL ANGEL CASTANHEDA GUERRA" ; @direccion1 = "AVENIDA 25-56 SAN FRANCISCO I ZONA 6, MIXCO" ; } SI ( @X == 9 ) { @alumNo = "ELENA MERCEDES PEREZ QUAN" ; @direccion1 = "10 AVENIDA 1-91, ZONA 2" ; } SI ( @X == 10 ) { @alumNo = "GILDA XIOMARA GOMEZ GARCIA" ; @direccion1 = "10a Avenida 31-39, Zona 5" ; } SI ( @X == 11 ) { @alumNo = "SANTOS ISRAEL BARRUETO TAQUE" ; @direccion1 = "8a avenida, Lote 13, Mz H, Residencial Valle del Norte, zona 18" ; } SI ( @X == 12 ) { @alumNo = "SERGIO VINICIO ARANGO MAKEPEACE" ; @direccion1 = "4a Avenida 6-53 Sector A-3, San Cristobal I, zona de Mixco" ; } SI ( @X == 13 ) { @alumNo = "PABLO EMILIO RODRIGUEZ RIVERA" ; @direccion1 = "2828 Connecticut Ave NW Apartament 704, Washington DC, USA Zipcode 20008" ; } SI ( @X == 14 ) { @alumNo = "ROBERT ANTHONY SOTO RIVAS" ; @direccion1 = "VIA 5 1-36 APTO 3 ZONA 4 EDIFICIO CUATRO36" ; } SI ( @X == 15 ) { @alumNo = "LAZARO ACUNHA ORELLANA" ; @direccion1 = "9a Avenida 39-97, zona 8" ; } SI ( @X == 16 ) { @alumNo = "LUIS ROLANDO NAJERA RIOS" ; @direccion1 = "Colonia 1323 Apartamento 801, Montevideo, Uruguay" ; } SI ( @X == 17 ) { @alumNo = "JUAN FERNANDO MEJIA ABREGO" ; @direccion1 = "13 CALLE A 22-00 ZONA 7 KAMINAL JUYU II" ; } SI ( @X == 18 ) { @alumNo = "JOSE MIGUEL GONZALEZ MARTINEZ" ; @direccion1 = "18 AV 0-84 ZONA 6  COLONIA LAS BRISAS, MIXCO, Guatemala" ; } SI ( @X == 18 ) { @alumNo = "CLAUDIA LISSETTE DUARTE GOMEZ" ; @direccion1 = "20 avenida 2-90, zona 13, Rivera del Rio, San Miguel Petapa" ; } @DPI = @dpi_1 + ( ( @dpi_correlativo * 10 / 3 ) + @x ) + @dpi_ciudad ; INSERTAR EN TABLA tmp_estudiante ( @CARNET , @DPI , @Alumno , @direccion1 , fecha ( ) , fecha ( ) ) ; @CARNET = @CARNET + 1 ; @X = @X + 1 ; } SELECCIONAR carnet , nombres DE tmp_estudiante donde fh_creacion == fecha ( ) && carnet > 201700000 ; } ~</src>

</proc>

<proc>
<nombre>fibonaccidireccion1.integer.integer</nombre>
<params>
</params><src>~CREAR FUNCION fibonaccidireccion1 ( integer @Carnetfibonacci , Integer @Carnetdireccion1 ) text { SI ( @Carnetfibonacci == @Carnetdireccion1 ) { SI ( @estudiante1 . CARNET == @Carnetdireccion1 ) { RETORNO @estudiante1 . direccion1 ; } SI ( @estudiante2 . CARNET == @Carnetdireccion1 ) { RETORNO @estudiante2 . direccion1 ; } SI ( @estudiante3 . CARNET == @Carnetdireccion1 ) { RETORNO @estudiante3 . direccion1 ; } SI ( @estudiante4 . CARNET == @Carnetdireccion1 ) { RETORNO @estudiante4 . direccion1 ; } SI ( @estudiante5 . CARNET == @Carnetdireccion1 ) { RETORNO @estudiante5 . direccion1 ; } SI ( @estudiante6 . CARNET == @Carnetdireccion1 ) { RETORNO @estudiante6 . direccion1 ; } SI ( @estudiante7 . CARNET == @Carnetdireccion1 ) { RETORNO @estudiante7 . direccion1 ; } SI ( @estudiante8 . CARNET == @Carnetdireccion1 ) { RETORNO @estudiante8 . direccion1 ; } SI ( @estudiante9 . CARNET == @Carnetdireccion1 ) { RETORNO @estudiante9 . direccion1 ; } SI ( @estudiante10 . CARNET == @Carnetdireccion1 ) { RETORNO @estudiante10 . direccion1 ; } SI ( @estudiante11 . CARNET == @Carnetdireccion1 ) { RETORNO @estudiante11 . direccion1 ; } SI ( @estudiante12 . CARNET == @Carnetdireccion1 ) { RETORNO @estudiante12 . direccion1 ; } SI ( @estudiante13 . CARNET == @Carnetdireccion1 ) { RETORNO @estudiante13 . direccion1 ; } SI ( @estudiante14 . CARNET == @Carnetdireccion1 ) { RETORNO @estudiante14 . direccion1 ; } SI ( @estudiante15 . CARNET == @Carnetdireccion1 ) { RETORNO @estudiante15 . direccion1 ; } } SINO { RETORNO fibonaccidireccion1 ( @Carnetfibonacci + 1 , @Carnetdireccion1 ) ; } } ~</src>
<tipo>text</tipo>
</proc>

<proc>
<nombre>copiar_estudiantes.integer</nombre>
<params>
</params><src>~CREAR PROCEDIMIENTO COPIAR_ESTUDIANTES ( integer @noCopiar ) { Borrar en tabla tmp_estudiante ; SI ( @noCopiar <= 1 ) { INSERTAR EN TABLA tmp_estudiante ( @estudiante1 . CARNET , @estudiante1 . DPI , @estudiante1 . nombres , @estudiante1 . direccion1 , fecha ( ) , fecha ( ) ) ; } SI ( @noCopiar <= 2 ) { INSERTAR EN TABLA tmp_estudiante ( @estudiante2 . CARNET , @estudiante2 . DPI , @estudiante2 . nombres , @estudiante2 . direccion1 , fecha ( ) , fecha ( ) ) ; } SI ( @noCopiar <= 3 ) { INSERTAR EN TABLA tmp_estudiante ( @estudiante3 . CARNET , @estudiante3 . DPI , @estudiante3 . nombres , @estudiante3 . direccion1 , fecha ( ) , fecha ( ) ) ; } SI ( @noCopiar <= 4 ) { INSERTAR EN TABLA tmp_estudiante ( @estudiante4 . CARNET , @estudiante4 . DPI , @estudiante4 . nombres , @estudiante4 . direccion1 , fecha ( ) , fecha ( ) ) ; } SI ( @noCopiar <= 5 ) { INSERTAR EN TABLA tmp_estudiante ( @estudiante5 . CARNET , @estudiante5 . DPI , @estudiante5 . nombres , @estudiante5 . direccion1 , fecha ( ) , fecha ( ) ) ; } SI ( @noCopiar <= 6 ) { INSERTAR EN TABLA tmp_estudiante ( @estudiante6 . CARNET , @estudiante6 . DPI , @estudiante6 . nombres , @estudiante6 . direccion1 , fecha ( ) , fecha ( ) ) ; } SI ( @noCopiar <= 7 ) { INSERTAR EN TABLA tmp_estudiante ( @estudiante7 . CARNET , @estudiante7 . DPI , @estudiante7 . nombres , @estudiante7 . direccion1 , fecha ( ) , fecha ( ) ) ; } SI ( @noCopiar <= 8 ) { INSERTAR EN TABLA tmp_estudiante ( @estudiante8 . CARNET , @estudiante8 . DPI , @estudiante8 . nombres , @estudiante8 . direccion1 , fecha ( ) , fecha ( ) ) ; } SI ( @noCopiar <= 9 ) { INSERTAR EN TABLA tmp_estudiante ( @estudiante9 . CARNET , @estudiante9 . DPI , @estudiante9 . nombres , @estudiante9 . direccion1 , fecha ( ) , fecha ( ) ) ; } SI ( @noCopiar <= 10 ) { INSERTAR EN TABLA tmp_estudiante ( @estudiante10 . CARNET , @estudiante10 . DPI , @estudiante10 . nombres , @estudiante10 . direccion1 , fecha ( ) , fecha ( ) ) ; } SI ( @noCopiar <= 11 ) { INSERTAR EN TABLA tmp_estudiante ( @estudiante11 . CARNET , @estudiante11 . DPI , @estudiante11 . nombres , @estudiante11 . direccion1 , fecha ( ) , fecha ( ) ) ; } SI ( @noCopiar <= 12 ) { INSERTAR EN TABLA tmp_estudiante ( @estudiante12 . CARNET , @estudiante12 . DPI , @estudiante12 . nombres , @estudiante12 . direccion1 , fecha ( ) , fecha ( ) ) ; } SI ( @noCopiar <= 13 ) { INSERTAR EN TABLA tmp_estudiante ( @estudiante13 . CARNET , @estudiante13 . DPI , @estudiante13 . nombres , @estudiante13 . direccion1 , fecha ( ) , fecha ( ) ) ; } SI ( @noCopiar <= 14 ) { INSERTAR EN TABLA tmp_estudiante ( @estudiante14 . CARNET , @estudiante14 . DPI , @estudiante14 . nombres , @estudiante14 . direccion1 , fecha ( ) , fecha ( ) ) ; } SI ( @noCopiar <= 15 ) { INSERTAR EN TABLA tmp_estudiante ( @estudiante15 . CARNET , @estudiante15 . DPI , @estudiante15 . nombres , @estudiante15 . direccion1 , fecha ( ) , fecha ( ) ) ; } SELECCIONAR * DE tmp_estudiante ; } ~</src>

</proc>

<proc>
<nombre>agregar_nota</nombre>
<params>
</params><src>~CREAR Procedimiento Agregar_nota ( ) { ALTERAR TABLA ASIGNACION AGREGAR ( INTEGER NOTA NULO ) ; } ~</src>

</proc>

<proc>
<nombre>notas.integer.integer.integer.integer.integer.integer.integer</nombre>
<params>
</params><src>~CREAR PROCEDIMIENTO Notas ( integer @nota_minima , integer @nota_maxima , INTEGER @curso , INTeger @carnet , integer @cambio , integer @operacion , integer @final ) { Declarar @carnet_nota integer ; Declarar @nota integer ; Declarar @contador integer ; Declarar @notaTemp integer ; @carnet_nota = @carnet ; @contador = 0 ; @notaTemp = @nota_minima ; @nota = @nota_minima ; ACTUALIZAR TABLA asignacion ( NOTA ) VALORES ( 0 ) ; PARA ( Declarar @iteracion integer = 0 ; @iteracion <= @final ; ++ ) { Imprimir ( "Contador: " + @contador ) ; Si ( @notaTemp >= @nota_maxima || @notaTemp <= 0 ) { sI ( @operacion == 1 ) { @nota = @nota - 1 ; } Sino { @nota = @nota + 1 ; } @notaTemp = @nota ; } SI ( @contador >= 0 && @contador <= 3 ) { si ( @operacion == 1 ) { @notaTemp = @notaTemp + ( @cambio * @contador ) ; } SINO { @notaTemp = @notaTemp - ( @cambio * @contador ) ; } } SINO { @contador = 0 ; si ( @operacion == 1 ) { @nota = @nota - 1 ; } siNO { @nota = @nota + 1 ; } @notaTemp = @nota ; si ( @operacion == 1 ) { @notaTemp = @notaTemp + ( @cambio * @contador ) ; } SINO { @notaTemp = @notaTemp - ( @cambio * @contador ) ; } } imprimir ( "Nota: " + @notaTemp ) ; ACTUALIZAR TABLA asignacion ( nota ) valores ( @notaTemp ) donde carnet == @carnet_nota && codigo_curso == @curso ; @contador = @contador + 1 ; @carnet_nota = @carnet_nota + 1 ; } SELECCIONAR * DE ASIGNACION DONDE codigo_curso == 772 ; } ~</src>

</proc>

<proc>
<nombre>ejecutar_3</nombre>
<params>
</params><src>~CREAR PROCEDIMIENTO EJECUTAR_3 ( ) { iniciar_archivo3 ( ) ; impRImir ( "--- Busqueda de dpi de estudiante por carnet ---" ) ; imprimir ( "" ) ; imprimir ( "DPI : " + getDPIEstudiante ( 201520868 ) ) ; impRImir ( "DPI : " + getDPIEstudiante ( 201520862 ) ) ; imprimir ( "DPI : " + getDPIEstudiante ( 201520855 ) ) ; IMprimir ( "DPI : " + getDPIEstudiante ( 201520863 ) ) ; imprimir ( "DPI : " + getdpiestudiANTE ( 201520859 ) ) ; imprimir ( "DPI : " + getdpiestudiANTE ( 201520846 ) ) ; imprimir ( "" ) ; imprimir ( "" ) ; imprimir ( "--- Busqueda de busqueda de datos de estudiante por carnet ---" ) ; imprimir ( "" ) ; imprimir ( "DATOS : " + getDatosEStudiante ( 201520854 ) ) ; imprimir ( "DATOS : " + getDatosEStudiante ( 201520855 ) ) ; imprimir ( "DATOS : " + getDatosEStudiante ( 201520866 ) ) ; imprimir ( "DATOS : " + getDatosEStudiante ( 201520861 ) ) ; imprimir ( "DATOS : " + getDatosEStudiante ( 201520876 ) ) ; imprimir ( "DATOS : " + getDatosEStudiante ( 201520867 ) ) ; imprimir ( "DATOS : " + getDatosEStudiante ( 201520856 ) ) ; imprimir ( "" ) ; imprimir ( "" ) ; imprimir ( "--- Ingresar	banco	de nombres, apellidos y direcciones ---" ) ; imprimir ( "" ) ; BancoDatos ( 1 , 2 , 1 ) ; IMPRIMIR ( "nombresS: " + CONTAR ( << SELECCIONAR * DE BANCODEDATOS DONDE TIPO == 1 >> ) ) ; IMPRIMIR ( "nombresS: " + CONTAR ( << SELECCIONAR * DE BANCODEDATOS DONDE TIPO == 2 >> ) ) ; IMPRIMIR ( "nombresS: " + CONTAR ( << SELECCIONAR * DE BANCODEDATOS DONDE TIPO == 3 >> ) ) ; BancoDatos ( 3 , 1 , 3 ) ; IMPRIMIR ( "nombresS: " + CONTAR ( << SELECCIONAR * DE BANCODEDATOS DONDE TIPO == 1 >> ) ) ; IMPRIMIR ( "nombresS: " + CONTAR ( << SELECCIONAR * DE BANCODEDATOS DONDE TIPO == 2 >> ) ) ; IMPRIMIR ( "nombresS: " + CONTAR ( << SELECCIONAR * DE BANCODEDATOS DONDE TIPO == 3 >> ) ) ; imprimir ( "" ) ; imprimir ( "" ) ; imprimir ( "--- Estudiantes de nuevo ingreso y actualizacion de estudiantes de reingreso ---" ) ; imprimir ( "" ) ; primerIngreso ( 1 , 12 , 2017 , 25000 , 21230000 , 4562 , 12 ) ; imprimir ( "" ) ; imprimir ( "" ) ; imprimir ( "--- Funcion fibonacci busqueda de direccion(recursivo) ---" ) ; imprimir ( "" ) ; imprimir ( "direccion1 : " + fibonaccidireccion1 ( 201520854 , 201520856 ) ) ; imprimir ( "direccion2 : " + fibonaccidireccion1 ( 201520854 , 201520854 ) ) ; imprimir ( "direccion3 : " + fibonaccidireccion1 ( 201520854 , 201520857 ) ) ; imprimir ( "direccion4 : " + fibonaccidireccion1 ( 201520854 , 201520861 ) ) ; imprimir ( "direccion5 : " + fibonaccidireccion1 ( 201520854 , 201520866 ) ) ; imprimir ( "" ) ; imprimir ( "" ) ; imprimir ( "--- Seleccionar copia de tabla estudiantes ---" ) ; imprimir ( "" ) ; COPIAR_ESTUDIANTES ( 14 ) ; Agregar_nota ( ) ; imprimir ( "" ) ; imprimir ( "" ) ; imprimir ( "--- Ingreso de notas ---" ) ; imprimir ( "" ) ; notas ( 50 , 80 , 772 , 201403002 , 5 , 1 , 10 ) ; } ~</src>

</proc>
