
<row><valor>"MATEMATICA PARA COMPUTACION 2"</valor>
<tipo>6</tipo>
<orden>1</orden>

</row>
<row><valor>"AREA MATEMATICA INTERMEDIA 3"</valor>
<tipo>6</tipo>
<orden>2</orden>

</row>
<row><valor>"TECNICAS DE ESTUDIO E INVESTIGACION"</valor>
<tipo>6</tipo>
<orden>3</orden>

</row>
<row><valor>"LOGICA"</valor>
<tipo>6</tipo>
<orden>4</orden>

</row>
<row><valor>"MATEMATICA APLICADA 1"</valor>
<tipo>6</tipo>
<orden>5</orden>

</row>
<row><valor>"MATEMATICA APLICADA 3"</valor>
<tipo>6</tipo>
<orden>6</orden>

</row>
<row><valor>"FISICA 2"</valor>
<tipo>6</tipo>
<orden>7</orden>

</row>
<row><valor>"ESTADISTICA 1"</valor>
<tipo>6</tipo>
<orden>8</orden>

</row>
<row><valor>"INTRODUCCION A LA PROGRAMACION Y COMPUTACION 2"</valor>
<tipo>6</tipo>
<orden>9</orden>

</row>
<row><valor>"LENGUAJES FORMALES Y DE PROGRAMACION"</valor>
<tipo>6</tipo>
<orden>10</orden>

</row>
<row><valor>"ESTRUCTURAS DE DATOS"</valor>
<tipo>6</tipo>
<orden>11</orden>

</row>
<row><valor>"ORGANIZACION COMPUTACIONAL"</valor>
<tipo>6</tipo>
<orden>12</orden>

</row>