
<row><valor>"101"</valor>
<tipo>4</tipo>
<orden>1</orden>

</row>
<row><valor>"102"</valor>
<tipo>4</tipo>
<orden>2</orden>

</row>
<row><valor>"103"</valor>
<tipo>4</tipo>
<orden>3</orden>

</row>
<row><valor>"104"</valor>
<tipo>4</tipo>
<orden>4</orden>

</row>
<row><valor>"105"</valor>
<tipo>4</tipo>
<orden>5</orden>

</row>
<row><valor>"106"</valor>
<tipo>4</tipo>
<orden>6</orden>

</row>
<row><valor>"201"</valor>
<tipo>4</tipo>
<orden>7</orden>

</row>
<row><valor>"202"</valor>
<tipo>4</tipo>
<orden>8</orden>

</row>
<row><valor>"203"</valor>
<tipo>4</tipo>
<orden>9</orden>

</row>
<row><valor>"204"</valor>
<tipo>4</tipo>
<orden>10</orden>

</row>
<row><valor>"205"</valor>
<tipo>4</tipo>
<orden>11</orden>

</row>
<row><valor>"206"</valor>
<tipo>4</tipo>
<orden>12</orden>

</row>
<row><valor>"207"</valor>
<tipo>4</tipo>
<orden>13</orden>

</row>
<row><valor>"301"</valor>
<tipo>4</tipo>
<orden>14</orden>

</row>
<row><valor>"302"</valor>
<tipo>4</tipo>
<orden>15</orden>

</row>
<row><valor>"303"</valor>
<tipo>4</tipo>
<orden>16</orden>

</row>