
<row><codigo>1</codigo>
<nombre>"JUAN RAYMUNDO GOMEZ RAMIREZ"</nombre>
<titular>0</titular>

</row>
<row><codigo>2</codigo>
<nombre>"WALTER RAMOS GONZALEZ"</nombre>
<titular>0</titular>

</row>
<row><codigo>3</codigo>
<nombre>"CESAR TOMAS LOPEZ DE LEON"</nombre>
<titular>0</titular>

</row>
<row><codigo>4</codigo>
<nombre>"JENNIFER ESTHER CABRERA PIVARAL"</nombre>
<titular>0</titular>

</row>
<row><codigo>5</codigo>
<nombre>"FREDDY NOEL ROCA ZALDANHA"</nombre>
<titular>0</titular>

</row>
<row><codigo>6</codigo>
<nombre>"DAVID ANTONIO JOEL DE LEON CABRERA"</nombre>
<titular>0</titular>

</row>
<row><codigo>7</codigo>
<nombre>"SAUL ELEAZAR RAXON DIAZ"</nombre>
<titular>0</titular>

</row>
<row><codigo>8</codigo>
<nombre>"MARCELINO MARTINEZ OLIVEROS"</nombre>
<titular>0</titular>

</row>
<row><codigo>9</codigo>
<nombre>"JUAN RUEDA GORDILLO"</nombre>
<titular>0</titular>

</row>
<row><codigo>10</codigo>
<nombre>"JOSE LUIS TELLO DIAZ"</nombre>
<titular>0</titular>

</row>
<row><codigo>11</codigo>
<nombre>"WILLY WALDEMAR DUARTE MORALES"</nombre>
<titular>0</titular>

</row>
<row><codigo>12</codigo>
<nombre>"BENIGNO LEMUS SIAN"</nombre>
<titular>0</titular>

</row>
<row><codigo>13</codigo>
<nombre>"BRUNO ADRIAN GODOY NAVAS"</nombre>
<titular>1</titular>

</row>
<row><codigo>14</codigo>
<nombre>"ANTONIA MALDONADO RENDON"</nombre>
<titular>1</titular>

</row>
<row><codigo>15</codigo>
<nombre>"OTTO DANIEL SANDOVAL VILLANUEVA"</nombre>
<titular>0</titular>

</row>
<row><codigo>16</codigo>
<nombre>"HENRY ARIEL JUAREZ RUANO"</nombre>
<titular>0</titular>

</row>
<row><codigo>17</codigo>
<nombre>"IVAR ERNESTO MERIDA ARRIOLA"</nombre>
<titular>0</titular>

</row>